story_id,Coherence_std,Empathy_std,Surprise_std,Engagement_std,Complexity_std,Relevance_std
1,0.2756692597982369,0.14940594153073714,0.2537984123842036,0.25879123194111664,0.33103043932428566,0.2811128310549368
3,0.12013036106015237,0.05450896752600968,0.11646361506433849,0.11826074617663779,0.15245209376672786,0.14169369258297868
4,0.2163937849826705,0.13807859113931117,0.17264685131351035,0.18603316295547134,0.21830407756071118,0.1978318734238921
5,0.21002808554674726,0.18276476379070175,0.19046102365057807,0.22261020517587027,0.2839495401484277,0.1669001848360176
8,0.3795740446103151,0.19429975118222617,0.34027450402525194,0.36889558771525827,0.4347205121786605,0.3777193093181148
10,0.22830036448858196,0.1641337806895477,0.16548856717344737,0.18903005638608894,0.14741402450996044,0.17641067111997394
13,0.26799312183272334,0.1397496477339091,0.23095495830799084,0.26429274189266094,0.2958461808230832,0.2598259865589717
14,0.23812594387388522,0.18784413510064327,0.2256386075337292,0.2466809969239381,0.28647514691983517,0.20606856733666434
16,0.3142679057301999,0.18211010464109853,0.27605241855552937,0.28378773518653655,0.36594828114951516,0.31364381395884583
17,0.19122733159782052,0.13539048715871077,0.1692324302737164,0.16274184381678655,0.24438738704256432,0.20268409637564538
18,0.16761750800181072,0.1339619999443659,0.1160581284586096,0.14352155757231216,0.14677615440501038,0.1541156400214917
19,0.19023599383696574,0.1309317606721199,0.17385051383122907,0.18826330898998075,0.2125572095172028,0.1752421012797741
20,0.22518965985912404,0.19307065408569257,0.19125682447626885,0.20107689942146934,0.22610822344269227,0.18296939282010546
22,0.1303155234900645,0.0991616381284457,0.11859294557732024,0.13623020997690544,0.18503233313123277,0.11717487274630232
23,0.08769959053082849,0.0701236202241427,0.07601779548889596,0.08443821653637602,0.13586566522836666,0.08349731420544498
24,0.17493733500860412,0.11021671029623661,0.1578926049804103,0.17465984064928142,0.19459447795440782,0.1589256417136326
26,0.1861823950787838,0.21083977466585305,0.17890169838729375,0.2063583847220035,0.24649474956086928,0.13352052556001145
27,0.17300772534542005,0.16801316078002526,0.17339751270028722,0.18748095510404295,0.20683991953506461,0.16071359316081577
31,0.11159880409760393,0.0812220830491387,0.10159795607912386,0.11916872504264905,0.13725635577108203,0.1110529168289307
32,0.16655469565039246,0.10775093301273192,0.1403724127015424,0.15146905994862256,0.17257274903307793,0.15591001247220188
34,0.2517549315511184,0.17980856493257724,0.1906764082819856,0.2159272899958367,0.21604925991217921,0.2147062861962294
37,0.2560988331881121,0.1651281966332147,0.2289036058261766,0.22886253719670938,0.2979613868260138,0.2588577835214699
39,0.20003469117860515,0.21772744552821557,0.17259629107595392,0.19890458076643994,0.2106544207688424,0.14348652893343888
40,0.21872384056238445,0.1662501020220159,0.16863044244559228,0.1809017656188053,0.19141768786862653,0.17738509141428915
41,0.25808822928528885,0.1309459375227635,0.23135219651030317,0.23068686444166508,0.2844757794146644,0.25577944712547407
42,0.25320946462179317,0.1523032756195858,0.22424774201022837,0.25566353641756195,0.2889676770941057,0.22683610240904895
46,0.20029974523396274,0.19398382375928172,0.1703409681310475,0.19716866446546336,0.21045889218152092,0.15475870763546476
48,0.1985203133383908,0.11155500905291127,0.17733388966322527,0.19723731842781542,0.2442613203078839,0.19184136427290727
49,0.1785261770082802,0.09632277713912114,0.16761653794639955,0.16875287849530363,0.2021686418091437,0.18183025865483327
50,0.20651972556437018,0.1649032626597593,0.17610866853487683,0.208942019680943,0.1985126007078328,0.15042745976006555
52,0.22113755396876808,0.1952389752162884,0.17518651711328645,0.1794016278778763,0.18440303210311954,0.18202429186646962
54,0.1210782169134177,0.06091296196576186,0.11757604123334152,0.1427500698234746,0.15544490110147713,0.12260830095806848
57,0.37678595426452827,0.22540981846644056,0.31824313696578216,0.3695909206771083,0.3941158346957145,0.35766190878210546
58,0.397738130458949,0.2254686169527445,0.33992943977055784,0.3778691983261901,0.4213053529588169,0.37355237910870565
59,0.2786300872122486,0.18390908638842032,0.21956124951517936,0.27464961571594426,0.2786255194812204,0.25495284454475176
60,0.18404727734409873,0.14920964091173763,0.15424117605496174,0.16642134536038153,0.1797486280688953,0.15377946247092955
63,0.2219516733170437,0.18952163379432851,0.2302011474326515,0.25624522629385876,0.34001445712495054,0.21064634756355588
65,0.21542248893158208,0.1199962326384862,0.20172049408597123,0.2038897729540722,0.27617498888010633,0.2271391785352302
67,0.14557520225968415,0.128464035742754,0.13112653227257767,0.14056271845524798,0.18309962735305252,0.12494243643643875
68,0.20972474767660282,0.16304385398870103,0.17933527241617797,0.20111300766608017,0.23580383359483936,0.19324606328005692
69,0.3099033049093564,0.16538747539148269,0.2641219117622407,0.298868574488662,0.3285544270246696,0.3161821767483294
70,0.2228416999361371,0.16364645716574117,0.19193648584785292,0.21336750424892784,0.22769796317240298,0.18854400451238199
73,0.1709425006634179,0.12381566483899685,0.1495680047070185,0.16107977602532253,0.18890811549702038,0.1692998332545981
74,0.16919151236671728,0.10958951545943293,0.14921529047921922,0.15707947801787658,0.2001825916264144,0.16024309323175592
75,0.23615706003373657,0.1320089571203595,0.21010995479523992,0.22546532521964863,0.2778817506577813,0.24224512697140538
76,0.17652483606065053,0.12296994663874798,0.14373406635608824,0.15908554092776717,0.20458355208796855,0.15340631041777703
78,0.24637009220321474,0.17700536499822062,0.195496510462422,0.20750129779871787,0.24546179566537898,0.2134489564828848
81,0.4038432123639842,0.21998518290161978,0.349421258359316,0.3744529512522089,0.434866423798646,0.3902920950700291
84,0.2061849451288332,0.11386365571812598,0.1556047014623536,0.15778388370197943,0.1609201509120151,0.1902636458452731
85,0.23866384241866762,0.19271970231013796,0.21308822579030925,0.23830282353340293,0.24501363448601676,0.1850788362877233
87,0.346937715418336,0.17825200970323377,0.3028147413810663,0.3339576334157147,0.3813586059536607,0.3578713330919476
89,0.22020402676873516,0.12151971941258617,0.2007582460334435,0.21959157946885022,0.24636214701224082,0.20531147165413016
90,0.1976163697750938,0.12702689972915077,0.177311503174271,0.20467254892670964,0.2103343305603506,0.16597214027933857
93,0.32124702523385756,0.18254363808368426,0.26741241934044196,0.2985872560600594,0.34317355798998045,0.3186785334110993
94,0.07298162935066473,0.07847825643699742,0.0641935856293868,0.07753269171562288,0.07926663888072924,0.05336185622057275
95,0.19341928857141935,0.10508151744548327,0.17240062076496326,0.18642515798418427,0.22287330641947922,0.20023469455387244
99,0.1910088931730087,0.08656563681163391,0.16986690374198524,0.17953012337452323,0.22940261299694795,0.19816407005554457
102,0.14925305351829393,0.1410806525187926,0.12010424464813496,0.13221613634464366,0.16161277758901876,0.11316330407340963
103,0.17070939276858538,0.09178351827881338,0.1459345808349607,0.1553129727275971,0.18827451899844797,0.16144073399314043
104,0.224739852252319,0.13509675315058908,0.22286001804966776,0.23133262967197543,0.32852162175708005,0.23407508260814092
105,0.24496570205621473,0.14710658509256197,0.2008713389028558,0.22456130434446836,0.25348448297048454,0.22504889965309952
106,0.11225664041065489,0.10016502117578423,0.09278802112869682,0.11015344711846628,0.12287847050218433,0.10495337877660306
108,0.14901349407690628,0.14764812852088813,0.1492147169780585,0.16730946519649148,0.18783079648584097,0.1343337830799894
109,0.10271096140686828,0.05953306365323769,0.10586197005803659,0.11803525055058287,0.14634103350920788,0.1045813541856925
111,0.2800013535309509,0.16956444507222465,0.25425385219613655,0.26758672211736795,0.3290650573349745,0.27281627586601975
112,0.22383602869523803,0.1753302607417995,0.22532444324086412,0.22087894265449756,0.3102218836909717,0.2158291240635613
114,0.1415111011233558,0.1056077842615848,0.11353843307149475,0.12550694500365972,0.15198339846569128,0.12375373012704678
117,0.3259016736393046,0.26447898604353764,0.2731304619757855,0.30514821945517806,0.3483127023364548,0.2786390820543117
118,0.4194813638357884,0.25804391420529194,0.3730214779813712,0.4232694693063026,0.4870474030707227,0.3883093070851452
122,0.3255189854214753,0.1946367397944968,0.29773057397417557,0.3141302465773469,0.4042042217041049,0.3318007571926707
123,0.21473189034716594,0.09478352270352107,0.2085723311556645,0.21535758072794228,0.2770225069325582,0.24335964260963344
124,0.2816227672315401,0.1667805935862124,0.2514422379985558,0.2839803111390525,0.33900898838389754,0.27275148651536996
134,0.2530021922062025,0.1547228139729999,0.22522793483038822,0.24213550486572638,0.30573359638509934,0.24414814655963216
137,0.3658238014590235,0.20817565227393509,0.33274487583338164,0.34238427433520324,0.4214496086387997,0.3584749734809355
139,0.22435328764971674,0.1593189312571231,0.1829085350143062,0.2272643518475935,0.22455814583364478,0.18276802034669387
140,0.18819969077279924,0.13332358962543406,0.16100831733354048,0.17474285999155983,0.2232287235316808,0.17048354061328058
141,0.22522807253461713,0.1507406392200092,0.24192695769290629,0.2545590785921245,0.3182171911540281,0.2092015106201839
144,0.15028114128418352,0.11045251851905732,0.11135909353932526,0.12240656140798038,0.13231286701143674,0.12020983881564222
145,0.26759732589429014,0.2217769811817756,0.24540581037674203,0.27005184608940425,0.3169048667524778,0.24982697055275555
148,0.1366818931660565,0.11248739081454087,0.11212396458693019,0.12354701535831013,0.16260770747276046,0.1196956399160905
149,0.42579762982048275,0.21416934235742485,0.3714062523280049,0.39964614668230714,0.4866270869435389,0.44429091046372693
155,0.18936151496549267,0.12494789533133958,0.168515228845538,0.19324996516084691,0.24248812236213885,0.16632465371434052
157,0.19821350244098626,0.16525776507997147,0.17144652142897093,0.1829466662620967,0.21111706299829952,0.20392054114540906
158,0.268915667365212,0.16337849763954723,0.2385197877255945,0.25194542264183534,0.31082559719461345,0.28103253142200235
159,0.16904961896163553,0.10036668536477461,0.14296065290920743,0.17122223556573665,0.18630868595621916,0.15462057131432846
160,0.2756666253582791,0.16709307796058603,0.23183149495540295,0.24846761845030454,0.29459394145286777,0.2690553765178095
161,0.25743170109031394,0.1984526723920918,0.22454281800199163,0.23994848349970618,0.2848635273792555,0.22691804133615207
162,0.22249034429919742,0.14391598671764752,0.2073438132201386,0.21749638869556978,0.27103353524311247,0.22592312416354385
165,0.13133341518146582,0.05799417920657814,0.12559346356793294,0.13065263799176138,0.16290760547165709,0.13852063865799408
167,0.2643970426027999,0.13314885161189255,0.24371288862759827,0.2724475983846668,0.3179490420942514,0.28029731038095274
168,0.17369080965235148,0.152153089702188,0.15506973131659796,0.1615766218896158,0.19456092486357007,0.15293458431662244
170,0.18523417648702462,0.11582904754063764,0.17001526780979623,0.18933906595715122,0.2564044236944522,0.19604601839738595
172,0.20245773854445537,0.13815787980833752,0.17440924812020678,0.20678458690180412,0.24892011061481215,0.17821775364395415
173,0.2916283760666236,0.17934244295348634,0.25248289295675674,0.26687475098233093,0.32837923964014853,0.28096052248211234
174,0.35056330354641463,0.24693834958993305,0.25506083967024773,0.280484533748937,0.2181254953878909,0.3017708623866294
175,0.1193573286418727,0.06130564619236651,0.10879906619517817,0.11024581146133075,0.13273225305492292,0.12283341873644381
176,0.15511982446136666,0.118519156465404,0.13873932192001537,0.16045408367620495,0.1720230185909701,0.12567816843370894
177,0.3260420689776639,0.1751586320373563,0.29099840613740563,0.3150702647568123,0.41200493563174073,0.33007073440062895
178,0.08792892556363728,0.05621932126049102,0.09561190308278485,0.08686692780024131,0.1522001249947454,0.15430073009120154
181,0.3857268398632916,0.2183030644714441,0.3480789425773589,0.38683609399395164,0.46874083592985694,0.39077476602131267
182,0.22151660833619574,0.19082096862710798,0.21753205229831568,0.2151948497676082,0.26924655069997566,0.20883403234611359
183,0.2986924780575747,0.13442077728075305,0.26934775117048726,0.30634185005352904,0.3524841744068901,0.32188261388645983
186,0.1641514364779022,0.1540500542852859,0.15900894105478822,0.1703273416639806,0.20716370467191447,0.1595495058171463
187,0.17590888295639903,0.1044355362668096,0.1511290872698775,0.16562175144903168,0.19713857469923962,0.16369919738885647
188,0.26892508990136904,0.18555909773108267,0.23215388920123847,0.24833780058001617,0.2914383544884646,0.23757406942013531
189,0.22844034139963765,0.1775884003057359,0.19352554728651206,0.2030659044105341,0.25070302055317173,0.20870657905528914
190,0.23789013125472314,0.1692739155297718,0.22439561110204972,0.24261096999540413,0.3007486396357721,0.21655969083112894
191,0.1702173258224492,0.12086087585516496,0.15136960383095227,0.1645983115517574,0.2160070479619648,0.15997298019170408
194,0.4410066647389324,0.2709309962270394,0.3823594231509695,0.42426646282613245,0.4911066812494594,0.4331321478587403
196,0.34592532058629644,0.1962524172458418,0.30117230036447984,0.31498822131724097,0.38930850423274654,0.34670407311951257
198,0.16834349339710372,0.11728859047070615,0.17036640405977121,0.18392757308283667,0.2163122740476707,0.17082842508667093
200,0.14386118596926845,0.06369715163583836,0.14253202996041764,0.14529886015225948,0.18497446823545283,0.15735938804067817
202,0.30034795004582365,0.15796382522382119,0.2737920244971917,0.291721082450103,0.35181211313198146,0.31307285070551005
204,0.13357926387532676,0.1139239797395337,0.11421022370118945,0.11944111796719037,0.16005062823939806,0.12180178984230079
205,0.20739405723547563,0.12682426959073034,0.1926371638421077,0.20933730602307893,0.2429409476819849,0.2042990110205596
207,0.33014232707611546,0.18758163216027274,0.2954398499692807,0.31011407174338934,0.3808129068197694,0.330884592317639
209,0.19779705877702863,0.14780407964220074,0.15538772780153673,0.16312812197379487,0.17575346200114433,0.15291542829708332
210,0.24486850031885202,0.1709982147101046,0.1911772713250364,0.20291415927382003,0.2352691746440768,0.2216248211774873
211,0.2975348280841955,0.22377522993015883,0.27963176990105576,0.3022161226371301,0.3720647436568338,0.26535258535833395
212,0.21910020025732765,0.19142972065061667,0.19493768228623418,0.20106620275955395,0.21879697105226117,0.1689475202693527
214,0.31224205375955827,0.227456805180798,0.2943397367428236,0.3236205607735372,0.40528485621146165,0.29938575593568784
215,0.1419938839164524,0.1321645751748095,0.13341904942044738,0.167046615773446,0.15856517677095872,0.09952360104752357
216,0.24332729477594717,0.17783525945795897,0.22848608839232876,0.2381972928914551,0.29039742168840166,0.222434825304061
217,0.2895223277733078,0.1857292846274274,0.27504832952276115,0.28102233877046684,0.33507898809773734,0.2856360007246371
221,0.2511752501564404,0.1635230787099,0.2217468019111335,0.24978107455278695,0.28695219705558994,0.25402413571278765
223,0.20109803667624385,0.1520679676049979,0.1713468130195793,0.19206205387987058,0.19922902488160785,0.16481308872784164
225,0.22969094118820868,0.18694871899414903,0.21242140621774122,0.22850510497410875,0.29010914061393356,0.20727007045388968
226,0.3933613604144997,0.21723657722248424,0.340666672526799,0.37399251910383907,0.43093986684423685,0.3925435367118123
227,0.17370584386734156,0.08119523926182479,0.17358037148895394,0.19174509302328152,0.23453890806825495,0.1846376201964854
228,0.21866580174875527,0.1547986492729698,0.18838643445818803,0.20322342968584362,0.24033292795074646,0.20289916020161336
229,0.21647030612332355,0.14504151991154118,0.18871516108752764,0.2101798748186359,0.23278058477415664,0.18950515008889254
233,0.3479213523144935,0.2537703083906751,0.30564094626017896,0.332315741655162,0.36577403161152316,0.2960471355556457
235,0.277519369622703,0.1494706329284874,0.23807722712731413,0.25240654576135346,0.30062604519830854,0.2701143396164948
237,0.33198980758952656,0.20721681394385436,0.30058313963033434,0.31207851930024527,0.3983581547958561,0.3264471016160059
240,0.2139855440456443,0.13539711866673254,0.19186549203733558,0.1977144985167964,0.24878931808177376,0.21723995206419539
242,0.3121661169392222,0.2504418752197378,0.28177610266148373,0.31779920578016085,0.34020379006063683,0.24966701866414912
246,0.37046157714961675,0.2322346858339906,0.3231317336033696,0.3572177420977537,0.43066763362240357,0.3524994499826886
247,0.1699484015502257,0.0982424913510712,0.1554146470027178,0.16805519134074623,0.1855362128932199,0.15550483944920115
249,0.2480243594861559,0.11249595889210516,0.2232002301679931,0.2263751921707977,0.2968480784111024,0.26958544678147434
251,0.334525953788352,0.1705103471468073,0.3015602069233497,0.31155151479129506,0.38419577025410406,0.340254023260063
254,0.21107603492247665,0.11260180332064944,0.19364704861119522,0.21170632198786446,0.2534053688513975,0.21625475795813823
255,0.26067074305554927,0.2050341158704977,0.23044334171425548,0.26656444948167707,0.3089083305228509,0.21740962296805424
256,0.39350881324333276,0.25443963083191096,0.34464065524563514,0.36825719998786915,0.4340969789245052,0.3635736241870231
257,0.2719271329351724,0.1912173472709273,0.24383628208257704,0.2585914733065672,0.31432860215444347,0.26504984462783504
258,0.3101806947381598,0.18351560749036763,0.2677618125549503,0.304394087431485,0.3260439830203672,0.27755257065892464
261,0.14375928315596567,0.07607195068841965,0.13753479136506916,0.1556636840505283,0.17434477310981938,0.15199291162461942
262,0.2831021934156348,0.19140733027968668,0.23516044861888785,0.26375776792042743,0.293777236131662,0.2398351588425675
263,0.3183354705588445,0.20763675523468672,0.28763347954467927,0.30922898340697363,0.3491451120161968,0.28787892089791417
264,0.22222692551891565,0.20663945227685984,0.20015625401255177,0.2195134730681368,0.25713579937736764,0.1856083651933041
265,0.20042216181081735,0.12272453059116552,0.1682389144954913,0.19934803003934876,0.21999796717021736,0.18669300941481523
266,0.2879173721711054,0.16089427746567947,0.24897109834899142,0.2841385185399837,0.33508823847807917,0.3179231742369577
267,0.18112269578078624,0.09126140722302269,0.15081177389612863,0.16437863504110478,0.1931293307422085,0.20595460187271022
270,0.3952598865778832,0.26635729138216874,0.33017909265713014,0.35437054107152965,0.39085264334701353,0.34405487362538245
271,0.282397058242138,0.2395465963438843,0.24798852081606962,0.28485322762231485,0.2884286635959559,0.20883675737399984
272,0.19972630566119676,0.10965206152064384,0.1810177000685244,0.18694558260695068,0.23017747238979236,0.20111399576684505
275,0.3149287496111139,0.1964937477231932,0.25463778280491234,0.31278870749547305,0.30944265771279394,0.28543482564609407
277,0.24984451639752445,0.15378935221269924,0.21305220028344965,0.22483067762315564,0.2566906357776834,0.22995794965024993
279,0.2285095897559625,0.18925535263549542,0.2158945421014424,0.23429728931511742,0.2874550963349577,0.20645141249977708
280,0.1800572025989042,0.07260107949840441,0.18328900427583172,0.1783719786459397,0.25781344823689334,0.21611481678689126
282,0.15749351345138687,0.09859132696477498,0.145804677421959,0.1579729187575436,0.19589334828012975,0.1552264590353977
283,0.3297394696721652,0.19856251902570166,0.2816669368113241,0.31537094971306173,0.35631674078606135,0.32847973239693157
284,0.2693725282661283,0.21627405497239488,0.25068367784605816,0.26644687978144155,0.33299416420335864,0.2545808599451944
286,0.3712925999877211,0.24532282219084062,0.3165806193542932,0.3400859382951937,0.39615121382649077,0.34217747619144917
287,0.24216338906277282,0.16308452152249125,0.21654296020787764,0.22492297933152228,0.2894612512688597,0.22998413228003384
288,0.29483407623899915,0.15699892935750395,0.2737667121806792,0.2774420491677224,0.36533299387547047,0.311021371880185
289,0.1837292565072767,0.10576490239113517,0.17008505841031665,0.18984845403779255,0.22440267637405284,0.19385939154795995
290,0.2843515121293609,0.18099707318071714,0.24318688479242573,0.26975362436562955,0.3229234348706365,0.261063825001619
291,0.14087991879812176,0.0743352479554946,0.12508753605506634,0.1333348592510433,0.17067574961265328,0.14051804200682155
292,0.29359909172058635,0.20610529732575572,0.23026687269607193,0.2533658667257315,0.2761736404169933,0.24677599821712512
293,0.12042612218051908,0.1489667708023584,0.1131028927905353,0.1379772670662806,0.17943291651454452,0.08721858842355577
294,0.2550946475274188,0.16093580086077916,0.2237699524405781,0.24552880902841437,0.3203150550683189,0.2469615739691249
295,0.14421926010267713,0.1144220720596769,0.14203691021780565,0.16093310573096598,0.19349465775446126,0.13682376512557376
296,0.27515385262513714,0.21727268781901302,0.23031491237740095,0.25551976541103405,0.2735471427386108,0.2220308398297375
298,0.17188158731826028,0.11988893583767839,0.13381254662723724,0.17608625939207195,0.16828715566735686,0.1623316023609304
299,0.17754001463596947,0.10357397004058093,0.15902429658497674,0.16877050650469783,0.1930256677875353,0.16993232910323958
300,0.2688210570885599,0.13760277796258602,0.25178568793138467,0.27112389077872423,0.31857589173232964,0.2693329472771772
301,0.25011153097687494,0.1948916369596562,0.2349854914553673,0.25767647301407154,0.33294405570544716,0.22736022492627678
303,0.28002968296681136,0.15119422960193735,0.2514692983847875,0.2500702906781764,0.3341203646045337,0.3058969853001509
308,0.33645379040447754,0.2874664093530155,0.2945713098085803,0.31932819935044354,0.37830829053764803,0.28358149911607655
311,0.26491140820854264,0.18548755759219196,0.23182050932412593,0.245160007903772,0.27133038186473857,0.2307574655808689
312,0.42537217905272073,0.22220178999257012,0.37883302522011336,0.4244257161788984,0.5162617738755431,0.43941206820655143
313,0.1622405826739202,0.1186474315019813,0.15046541799839944,0.18249536305345718,0.212423972735306,0.144148199531522
314,0.25655862028990545,0.14903444866860716,0.23162482924661543,0.25518196114353076,0.2923532513298793,0.2463768096263787
316,0.3301072759931929,0.17573101467564264,0.29186244366542646,0.335621303839219,0.3706099103031073,0.3258572237890758
317,0.2421511117818396,0.19278875472940737,0.22617368789719916,0.25627832422194724,0.2711056145795642,0.1949790305494944
318,0.3275168768794487,0.2822172723327399,0.28471696068102903,0.3165593996723963,0.35873397682044555,0.25914909516817913
320,0.17833977227992193,0.10721797211893287,0.1544615998152634,0.18272598147259628,0.19397892812470496,0.16663595227450723
322,0.20264645724691724,0.12462597677412265,0.19389691985950944,0.21256047910614376,0.28763228567483545,0.20016467035211719
323,0.2473128147214996,0.1485838730899926,0.21682534355712674,0.23916719154035362,0.27560180018802927,0.23098059385664582
325,0.25663730361225523,0.15141558418291842,0.22326507541568624,0.24003479956300727,0.2629160014951851,0.22688837343436874
326,0.364560963089466,0.17527280343955445,0.31927701033680306,0.3595600484881516,0.4187910779282657,0.37490698385917776
327,0.2518753935511104,0.15547854001904682,0.21725493773269752,0.2339489786078749,0.27630141992143625,0.23976930908132468
329,0.3017896481904086,0.19587053498442336,0.25460359204582816,0.31274289742675565,0.33594726034978356,0.28481317269439094
332,0.26884354695860574,0.19264540284273116,0.2366399290604169,0.2451718870809677,0.29587621666110187,0.24764346045905322
333,0.4167970539375231,0.21463462641534958,0.36717889752455385,0.38191442645860957,0.48316600945408805,0.41966288335666563
335,0.27538770533048246,0.21690503501921587,0.2558471888027691,0.283717511642978,0.3576115743469112,0.24659857738860094
337,0.3072787316085984,0.21164130192708785,0.2676593197625284,0.3002514248896181,0.354906903634928,0.2846387312650853
338,0.17903965388453727,0.10929073337093041,0.1599922427285728,0.18311816089922525,0.21335783212803985,0.16610532248795287
339,0.22861910144724112,0.11004531478178553,0.20917308233496654,0.23300079893154801,0.28344275101606314,0.24017096680071676
341,0.24235148695701825,0.12641506007974418,0.2164355353801778,0.23224963102866933,0.26664227568141136,0.23589255989720356
342,0.26009577272071066,0.08955774636326161,0.2479317979310234,0.26001849977302505,0.33814293713951604,0.3039738167219319
345,0.1343618868131801,0.0821562182324315,0.12064223055286141,0.11982036347652653,0.14197172195397267,0.13150810548881348
347,0.3138199160970703,0.250126307729213,0.27831459021416305,0.3151838009497257,0.3480527168568858,0.25521362091478006
348,0.1988832592623729,0.16582334395133314,0.18560999209118262,0.21286640098417087,0.2577157319603627,0.1723249873708038
349,0.23423859923843673,0.1282463916957951,0.20408717037950636,0.2100882438372407,0.2683287104647135,0.23689971877848684
351,0.16120529488142862,0.08760862596328324,0.15024993484989554,0.15723164657114036,0.19957643803959793,0.16741290627355934
353,0.17247341228216062,0.0928940597838005,0.16762668053576488,0.17943531327456128,0.22773498302116188,0.21281761342166697
355,0.3437386447143027,0.1602965727976605,0.3101643488989125,0.32201324906912465,0.39944609370837636,0.35387852135710407
357,0.26502824611654624,0.20064475816884328,0.25206593784115555,0.2650110622765003,0.31466121390024987,0.24663001437399776
358,0.22502645643054464,0.18022596803828525,0.19890998777411326,0.21634129393797913,0.2562250343208735,0.20264255456248825
359,0.3669293110714545,0.2532418401192625,0.3470440130832686,0.37403835347952513,0.45909485998969435,0.3355722725374859
361,0.1397348718127545,0.09408383930445685,0.11885052124682687,0.13110687210451366,0.17352847485314682,0.13161666268499564
362,0.25857691671101557,0.19473153804721435,0.24243373549125927,0.2624491406673806,0.30503785103115594,0.2271148557162899
364,0.20785143024233915,0.1329544085829065,0.19809375140285213,0.22127211739605335,0.2647924341880878,0.20880517536464635
365,0.08515094161020809,0.05218006194555336,0.09372003546136572,0.11202680690430282,0.13881712762956336,0.1036225961955216
366,0.2257404136060334,0.17038084783531554,0.20610544368814893,0.23945490671275677,0.25872800753336517,0.18781479753619534
369,0.2361606967233631,0.12645541928552648,0.21211363309551404,0.22110097810336315,0.28504573855588794,0.234592952423507
370,0.37194243090842793,0.23226260182982747,0.3313220742232293,0.3485307490030771,0.4153303558190808,0.34390979265772864
372,0.3184589586535131,0.20719109008832567,0.28562350705954276,0.30227477109937134,0.3570557885511928,0.31717462576453964
373,0.15603160026374932,0.13427564885811058,0.1335677388915817,0.1513126158989087,0.20126994623984576,0.13331813534770529
375,0.3152253322925806,0.15075995940222456,0.2848882627976208,0.31171229919054666,0.3834813353064477,0.32298908731185233
376,0.26112494252607626,0.16920969977441794,0.25215773622138576,0.2704954471992275,0.3430583026770676,0.25199136067356454
377,0.25445465579854987,0.17579302425025836,0.21840622881350827,0.24883339412993408,0.2701832894372661,0.2363961238270754
378,0.24705399604623093,0.19870549222428874,0.22177175544291508,0.25517026035747525,0.2950835668798986,0.2018079477127608
383,0.18374490337304766,0.13827052437759155,0.1672720960535943,0.17065636851040245,0.23602422550489496,0.17619249180697347
384,0.2092702223481531,0.14542772178524524,0.1981335630962367,0.20680196216817204,0.25359567639517727,0.20978398887084898
385,0.12993545211679539,0.07364078465985999,0.12158463308062949,0.1345367976210714,0.1529575872449247,0.1263656627740714
386,0.08090563434425042,0.04967432033086512,0.0899865620214002,0.10146401378311613,0.12604038405566179,0.08167453574379835
389,0.4094636381030408,0.17799121346610514,0.35612100140727126,0.38377078977300433,0.476620346356139,0.4462960710594919
391,0.19194501435304695,0.127884995260171,0.19375309599179535,0.21815427384481528,0.25273283780358685,0.1744466676653085
392,0.23030187070666605,0.12062312922995402,0.19962723243496877,0.22325443694638517,0.27529782668563374,0.2374318008771704
393,0.22711722658731942,0.10798357780833383,0.21332153791074623,0.21913635351617064,0.280469989045614,0.2447569948326635
396,0.17803892660677662,0.15955359780300724,0.14600878563318648,0.16579662797453482,0.18320620214708253,0.15059705664954043
397,0.2692702545188491,0.12151034120319316,0.24668081033548858,0.2761556307293977,0.3213222012683949,0.29645268504153666
398,0.25282451826876096,0.19113049126972806,0.23060813235521618,0.26501067068378115,0.2697365810184932,0.20583685177503888
399,0.2089772971177255,0.11189970161384886,0.18063439220126992,0.20296206797407265,0.2386099283661298,0.23341722254776887
400,0.26003904939767625,0.2205625739036077,0.23976213501694243,0.26248663704564806,0.2856937621869742,0.20806091573826935
401,0.21060540931278246,0.19218317967737636,0.17260241497363912,0.19576087031362463,0.21999228091441725,0.17203111173947316
403,0.12115463694024431,0.041333206858161026,0.11622489463888314,0.11321456419503907,0.15612510230309318,0.15512436211803649
404,0.2216864696777197,0.16967548574974117,0.2086471815598546,0.22660520074593177,0.2576937399835182,0.1896317583271787
405,0.37987448467667834,0.25769434837504107,0.32203122567851356,0.34103355994185697,0.39534150998208145,0.35561984945509434
406,0.221159343845215,0.12713310944157158,0.2038796504898471,0.22369370711442008,0.2598279451185677,0.21843236569986613
407,0.18286574428335017,0.12683093996999603,0.15353324929846962,0.17984086687784623,0.19754364001826794,0.16109890526440215
410,0.2844939899078397,0.18148156421133851,0.2429202860382565,0.28480692662193696,0.3047911381216702,0.264492917021556
411,0.28044142540566874,0.16652143623338997,0.24493376007108847,0.2687597227871285,0.31308929196096597,0.2721645955339248
412,0.35353496177308125,0.27046361598817514,0.305928074208705,0.33164220424001634,0.3872288822326872,0.31267304117606387
413,0.2553679284783086,0.2323016903056881,0.22315248154913522,0.25321467969957046,0.30043937857325637,0.20404001137690672
414,0.2003145464671123,0.1596895104198163,0.17992670819877662,0.20559016117633344,0.2396469932513245,0.16908710941714278
415,0.2361334953753976,0.09730080435969615,0.22648416920362613,0.2421720235985106,0.30610515623291884,0.26403190941736887
416,0.2327658934701868,0.2063859561105377,0.19588960436046005,0.2204046166227588,0.2276739044904323,0.17960768033418836
417,0.24899308937061138,0.22470416736187235,0.2217400178415873,0.247896090969907,0.2957510473350633,0.20777443459392905
418,0.19529714461408784,0.10684217990734517,0.17354667324200454,0.19716249223901028,0.23361933757687042,0.1910524976216903
422,0.16422338738035458,0.07844005251733754,0.15362989569711621,0.17328542296228555,0.22810815051104189,0.17542583772126175
423,0.19445459810763516,0.1165550910107862,0.17694374825405096,0.18566248016899284,0.24464267246593374,0.1956566472878255
424,0.09723606151688355,0.06969206676081068,0.09119695903844155,0.10527224326110138,0.14602782145371232,0.09076646278479704
428,0.2152090285366673,0.12375084247391328,0.19817971035798704,0.20456890242326872,0.26308640192646027,0.2153546712102657
430,0.26821573442147184,0.1498580161378833,0.21967201153563892,0.23545211509139394,0.2918109261781649,0.2629412378914025
431,0.15832689065432462,0.13395240363253572,0.14215217484335305,0.1516721129243893,0.20792923015927092,0.15732577680062831
432,0.12971125293271465,0.10061012854600274,0.1168508153602894,0.13086499173141508,0.1605571462657849,0.15266043221763748
436,0.2519314825439767,0.22875674963099796,0.2162818483062312,0.24116022062368497,0.3184719944366536,0.2120404256306424
437,0.14686691083764544,0.12058730115040706,0.1301226577540102,0.14608689374967104,0.14054132456118368,0.11329175545775604
438,0.2806727756415931,0.17957979803528146,0.23621313924428083,0.272309700945313,0.3002366102003278,0.25461412655424115
440,0.3267240739329622,0.2648727149248755,0.27543417854258395,0.29705040930934995,0.3388429982038265,0.2686975706095654
441,0.1260963850516872,0.0819470853284459,0.11822454897661006,0.12900227120053645,0.16349458782700538,0.13800056275982128
442,0.2622665907190617,0.18815735195852495,0.2326716287200496,0.2532402735159164,0.28229234845902434,0.23873077853690747
443,0.16314531043087172,0.15667444190988725,0.1330348454612977,0.15614349793311597,0.14625645664756554,0.11851771365736086
446,0.054905481270312015,0.09808445138811756,0.04734048143021636,0.04918715002522926,0.06828006007494286,0.07994617136047324
449,0.1641710430350155,0.14981190735709218,0.15350150019686354,0.1692997834270294,0.2047545784306179,0.16843135202515153
450,0.15565304170069263,0.14704258395899275,0.144281814231116,0.1584394246023494,0.23010275453754947,0.14180437437174861
451,0.30861677960897166,0.21005425282406073,0.26967390423292364,0.2858479076774069,0.3304645955627266,0.28162436880255587
452,0.21458718518363357,0.22416307873176466,0.18928896401709225,0.21392617303132613,0.20629674002286494,0.14834175033518726
453,0.2617283326186546,0.13856405759970208,0.23193990592908964,0.25599786384237444,0.29879942742550686,0.27313642045751646
456,0.14220774413449797,0.12653498008849315,0.12837629897734804,0.1534087995166369,0.15107030037287184,0.11450448203148544
457,0.32980109498445,0.18322722190926438,0.28553133225841726,0.2966553339192333,0.34199959549072084,0.3189999862546993
458,0.25429441948206666,0.15481947486054612,0.2096284762365701,0.22834242823601794,0.25265776013076585,0.22400329480292996
459,0.20503368895825003,0.1276507921572469,0.15565347108893826,0.16873872480380733,0.19917400623070483,0.1883651777734675
460,0.22936845410751186,0.1333781436713401,0.19360996124761484,0.22287835043780121,0.24157001495276462,0.22598426341505665
461,0.16677911389831848,0.14148665943884894,0.1429020507443362,0.16868787892588474,0.17382622027123118,0.12308480860966814
462,0.1954265459262722,0.1892159332013266,0.16736463965663367,0.19296418334265725,0.2365586146680371,0.16242959277852628
464,0.31106087927337434,0.16977760425800534,0.2766199522311436,0.30297712609008265,0.3628038217288884,0.3227773744524403
465,0.11312740538693279,0.08265860246991487,0.09126763027240484,0.09362246337386991,0.10688313869214756,0.10105635217855279
466,0.20185015223130237,0.13187084983241082,0.17001732761583085,0.19556896832089515,0.21416391983316935,0.19556441397120383
469,0.1567844588243211,0.12148654726914002,0.14201665244773623,0.16167612388280744,0.21045186958294634,0.14144089685679367
473,0.3302730253201164,0.2492576035733389,0.2783708990682327,0.3101357166929622,0.3427342495196802,0.27605932757121326
474,0.2712605589779552,0.15742558596445022,0.19418633328290244,0.21521770127301967,0.2302646220613417,0.2833418247042941
475,0.20907849041864018,0.10792048528809293,0.1913427937086005,0.1987841734566555,0.23724481286897534,0.20764493323242916
477,0.13380738747423992,0.11041824922968264,0.1269471540366307,0.14192911471475722,0.14724017919143362,0.10717926626521371
478,0.3469263902476589,0.2602218183005749,0.29467462369267855,0.3179871791830464,0.35161871353731944,0.291956582063627
481,0.09874821356521293,0.048833805955230875,0.0994862772765558,0.10309487313596434,0.12641484631573993,0.10904623977440438
482,0.24740639453255908,0.16090859013635841,0.2108356334835533,0.22543764768967417,0.28402390808917444,0.23425615782245016
483,0.21519690815502895,0.12321859240495588,0.19377029363533316,0.20226686100434585,0.25264431348064786,0.20683292007559617
484,0.19265803844504617,0.12775807482070392,0.16448778000508926,0.19872703597819777,0.20588534306114017,0.17279271239924032
485,0.14779291203265457,0.14693244782712336,0.12666943043625417,0.1585395259145902,0.150822546901607,0.10506609055254455
486,0.2513014932105186,0.14651127328378155,0.2296292167435458,0.23685231709984927,0.2886677505463762,0.2572313798089693
487,0.1450624169991551,0.07756763085117503,0.1268359175192524,0.13155975186183283,0.1690734830917093,0.15386073777956571
488,0.34411301300828184,0.2691073706944285,0.30255388819646223,0.32105625291071294,0.37278343984317736,0.29718239652721534
489,0.17349090966204264,0.20641461746498196,0.14647452969182392,0.16765470143605304,0.16324035599327336,0.11298834026001851
490,0.291877090150129,0.17685822702756337,0.25097629641107094,0.2612829705941169,0.33364534645277144,0.29290178371965847
491,0.1721453679049967,0.14669959052106676,0.15530099079845347,0.17922323964024697,0.19445772725308935,0.13831593817425905
492,0.23639166147324364,0.2053912549402553,0.20715564022493466,0.24015010915568527,0.2585728517089068,0.20634183560347114
494,0.2891010849316501,0.16571414205960977,0.24699548903948224,0.2652207781115297,0.3028444250524359,0.27005018896044247
495,0.29310645458664286,0.1644456729444867,0.2436664691881926,0.2504582355414404,0.30820304682271665,0.29302758447073385
497,0.16753409924251716,0.15946488008575768,0.1696321027019999,0.18237526010494176,0.22544689527649672,0.15197783024648895
498,0.19646328416163977,0.23388403669736768,0.18727368817633716,0.21351437494260211,0.24588155850626126,0.13284463124717946
499,0.20650715687439433,0.1639590461548443,0.1859960795198964,0.20259713864073248,0.26699740105181785,0.19774754715055137
500,0.42213543162163697,0.29318438711980427,0.36384473053159105,0.3867803639477578,0.4312613577557433,0.36465516752439137
501,0.24307629909752468,0.2019216743174424,0.22011694275046603,0.23306406628088264,0.2367735396136329,0.1874009753809859
502,0.10891579242488078,0.06496978866343502,0.0902107196209961,0.11304700316048713,0.1266145091560966,0.101705212503441
503,0.28589358101748874,0.16732599539556073,0.24600248725912888,0.2581088862415182,0.2816294257739702,0.25247305477968757
504,0.3227701735120875,0.1876831068488866,0.28276653027365606,0.296564384838512,0.35516942877024227,0.3080136834881293
505,0.28069508557899336,0.14135512918271026,0.25519543355439483,0.27022212941613755,0.3292509304413489,0.28238493463055686
506,0.2736313674189579,0.12616573459008604,0.2531941947706513,0.26841336410500516,0.332487247343847,0.2860966517789715
507,0.29168030033382814,0.17132707962866203,0.24652918540095042,0.2689145856588509,0.31757436600073824,0.2770700954277673
508,0.13681141198844346,0.16574961160366655,0.10675673173753582,0.12074685254963603,0.12242401721881405,0.0992624045004511
510,0.18827069015277983,0.1653237965469443,0.1676351532986182,0.18301885194731168,0.21481046136334683,0.1634320819242636
511,0.16119785657756217,0.14733576763654666,0.11307874296272459,0.14384649290850815,0.12315289089818723,0.1113066503643173
515,0.08458617388264117,0.06152970392744932,0.07724924359824997,0.09513790558956207,0.14420078610300255,0.07600411665945567
516,0.14479641558843553,0.13063085726811596,0.13268949688353615,0.14252523321177663,0.1732065368009693,0.13298305305446773
517,0.16907896930189362,0.14785576197153733,0.13775584848485958,0.14455710958856746,0.16870334558447037,0.13696565473112324
519,0.22736429221075632,0.16777313113483713,0.17860028178219903,0.19598248146082536,0.23232996281309284,0.20070986963453707
520,0.22821648939673342,0.14128776760846384,0.20766243468084986,0.23147192488541377,0.28961815528478535,0.2195369666216953
521,0.273501284230921,0.20920860236626232,0.2534835229935854,0.2781230578246743,0.31793741895680794,0.22915055090227274
522,0.2291356630713765,0.15399906148393305,0.19756922453921297,0.2113468171824693,0.26359330203149517,0.22158262555689479
523,0.23712140665025258,0.15810196871804294,0.2176854458603989,0.2237996413449124,0.26747265978945395,0.23087667045128377
524,0.1640991441292489,0.1512854450103991,0.13271864656443866,0.15058975856712672,0.18591077083338475,0.1313126855839185
525,0.239876376969092,0.22600704978436154,0.24391801707396898,0.26905128269051876,0.33054036436397694,0.2108094165853806
526,0.1365270042855043,0.11560630044652466,0.11616318351683892,0.13623308154307903,0.13440119940243797,0.1005553053523705
527,0.16057378335945624,0.13375054158935898,0.14071268823196342,0.15931529857259924,0.19804321424304447,0.1381463906717916
528,0.21029015528280515,0.1865807106787965,0.19164689206024396,0.21323060849732445,0.2329622896292663,0.16327911822284577
529,0.11883336120465812,0.06701374770683216,0.1105385561146784,0.11988604085181952,0.13984387435033266,0.1239002828917925
530,0.17889855905168517,0.12764266405990685,0.16411443960118982,0.17949877190441163,0.2417576735407875,0.16810957658074863
531,0.18436448419976964,0.14289626863274038,0.15672975207076292,0.17446658996956074,0.22387717295535225,0.1637685014662597
533,0.24936977592967186,0.16126643185145983,0.22136275634056146,0.24514448397942126,0.27340661918687825,0.22443334709635082
534,0.14872203427075661,0.11271593850871042,0.1227329286777504,0.12923850421715746,0.1517562108494133,0.1273493479754529
535,0.31410489795390706,0.25085624788096095,0.2452580951053839,0.28210067319524623,0.27585565702772197,0.24221486388835115
537,0.13585825493562464,0.09094030501863042,0.10315532147592404,0.10170300080726377,0.10357962269736601,0.11846425316960356
538,0.3918173966801605,0.2227781018819986,0.3362853183528027,0.37382321562239296,0.4237127110269984,0.3902823790823082
540,0.24394946937519868,0.19147918428308855,0.21363180767993764,0.21743827164772506,0.25400057568096784,0.21450263121209326
543,0.271826605446887,0.2017067024541675,0.23845657749423768,0.2563694962258961,0.2891476661672997,0.23391077615175737
545,0.23410554448785534,0.23288694031873536,0.2010799196354353,0.22544843665628053,0.250273059215703,0.17779121658048777
549,0.2807306399330883,0.18133639903006502,0.22662200750679642,0.2793670367100782,0.2693165190187999,0.25791921105156884
552,0.28833876438692985,0.11714370939135527,0.26949775800340137,0.3010304014922758,0.3524068873202203,0.31887219246670284
555,0.13144822040074267,0.14248629441691846,0.12126080581027157,0.14275356478703313,0.1482810779882906,0.10415509288164813
557,0.21659494895454826,0.19304479950854264,0.19434747361127067,0.22292192757171153,0.2635089092099315,0.178099345166235
559,0.20357704207475802,0.15658860995516374,0.16849699857069841,0.18409991828308353,0.22476045563550145,0.1867229653436799
560,0.22768919228535148,0.18585823807079724,0.19503651743419984,0.224051730495996,0.23757405746415802,0.18108682928259331
561,0.26863580290784056,0.1893330143762614,0.2393304074529919,0.2723613860122802,0.280007664656752,0.21980098881834692
562,0.21556487607731487,0.146712086419436,0.1941748061226224,0.19814354909081802,0.24635839187686168,0.2002721503133641
564,0.20751388039820273,0.15012521016489422,0.18888741927282587,0.21097182711366178,0.2601456228161237,0.181350304596225
565,0.1785983714252595,0.1696232365173133,0.15878640509710254,0.17406537170187455,0.2126976753439223,0.14634190607208555
566,0.29292898440133774,0.229394676299634,0.2593011457346998,0.27298901204491066,0.32977696170596715,0.26333108382834114
568,0.1839279123397816,0.1477680551985801,0.1618793897511821,0.18707842754505546,0.25797790676675647,0.15845250690538132
570,0.30823748822768743,0.2136903178747467,0.2679594648206084,0.2839213475307349,0.35737698427704384,0.2877657768303461
571,0.1419232753144024,0.1615955281457375,0.1380381437906136,0.1587815244923242,0.1816797595469559,0.1473553327584331
574,0.16810539200313324,0.1370058072301187,0.141499757684979,0.1551777843499781,0.17521497695594157,0.14444116328693402
575,0.18476580458881922,0.11860739359376353,0.15001666325755705,0.14545675677498293,0.1921741618242448,0.18068276006033754
577,0.18355984746639903,0.13531555431354353,0.16404808888196776,0.19518096415644012,0.21096086808517756,0.15648798604566985
578,0.23373550583792127,0.13447872149327486,0.21212352010989152,0.23495083064213107,0.2925166543739955,0.23394689338790142
579,0.2972183500247947,0.19507813899790893,0.2632299040326896,0.2833893249260983,0.3283312288321257,0.2695510213883289
581,0.16109935025696834,0.16582499605145493,0.149635346406749,0.1702940915723727,0.17580674574526256,0.12965152878123273
583,0.2902051960292095,0.1395646850353685,0.2695748805477079,0.2806231572275737,0.3639734140366723,0.3077659067228298
585,0.3181865409657643,0.18036033780688313,0.2820041691109845,0.3255940546475102,0.3582405147092291,0.313353631825038
586,0.20721435512332548,0.11395708952548754,0.1809432472964363,0.2045944198074802,0.2469922112415965,0.2222953388049632
587,0.17967545817150227,0.17324059404861783,0.14243774753985483,0.157114643896114,0.17347619254709815,0.13573845674509177
590,0.38784915658348273,0.2071632202773787,0.3391170289085616,0.3712935511034274,0.4190537696106948,0.38099488575638224
591,0.23942875398842756,0.17273520798794834,0.21931847036818092,0.2505480856295455,0.29908419425324134,0.2092161369253829
592,0.15097345882940016,0.1053549578221818,0.14564555903314752,0.16900971658807923,0.2208476765388653,0.13965203565072185
594,0.13440569942230512,0.12760833582315073,0.10396409334244193,0.11887042912258294,0.12886465492817145,0.11788554239010735
597,0.3151437578725295,0.17220180089081089,0.27992875939377604,0.3119155909343686,0.39580323021311664,0.31664307948725107
599,0.3994862363002262,0.25062062791092393,0.3576662606118644,0.3883314888884617,0.4549271042486726,0.39430922233073457
600,0.1359459669723576,0.07337161703474329,0.1315155901326361,0.14344853074050767,0.1746093091988329,0.15174110547754838
602,0.35873005478354314,0.17159566613471994,0.3243883240808213,0.3601541724182796,0.4242796088220818,0.37515722233490817
604,0.2510052092205454,0.14215354015548992,0.21440285164722458,0.24265118369134533,0.279644254918385,0.25874204786454097
606,0.20846711058910344,0.1163700159784796,0.18942560164867647,0.20132320698809056,0.24454466517890824,0.2179994694651143
609,0.15837718918051458,0.12961733099742173,0.14983715364293268,0.1554594474097311,0.206805412002885,0.1859866832787581
611,0.1641028763489533,0.10282312146342501,0.13859120505153416,0.14232118119930975,0.19135700741451508,0.1648139655882951
613,0.17925523174725536,0.12627782882317806,0.16372348760146158,0.183329844821464,0.2459267853103744,0.16902203604786373
615,0.28132784978019165,0.15306659081410537,0.28629241135124917,0.2986049081462797,0.3932406809294546,0.29241653058143846
616,0.18980814388058737,0.1504519238304626,0.15541012340700724,0.1698554783355443,0.19440612273439264,0.15837975726787634
617,0.165845897950438,0.12327101815260973,0.15401739851367613,0.15732411442852084,0.18863556375289683,0.14832841695502716
619,0.38045551867643645,0.23867043045426586,0.3402507969724492,0.37683672638853866,0.41209248391222036,0.37118682571096856
621,0.3804720716847457,0.21127084222015874,0.277296728194516,0.29156640568414155,0.27373587391263454,0.3341760881399983
622,0.18867622363939757,0.15064906023543972,0.16393581564565013,0.18520890218997133,0.20725582389720157,0.1613135022243547
623,0.1645978764790282,0.1714454958896448,0.15383508833501017,0.18258302580233873,0.23880786812877133,0.13447642834023874
624,0.256648653887159,0.16146443869588958,0.1813550782810883,0.20538594974425164,0.1761883572798607,0.21197247264776958
625,0.24545191868851615,0.15008384330995644,0.2308912172657483,0.2384823655524852,0.293042751340292,0.25626941133929715
626,0.26521962651255276,0.13744401589912464,0.24588120911817724,0.2924949614320505,0.3283909807481423,0.28114254808619854
628,0.1753942148857404,0.1525895214954367,0.1464254220988907,0.1606120388052751,0.20489834036940435,0.15577757384965812
630,0.29676295984936885,0.14443646470054106,0.26260201031825875,0.28356294176824076,0.34603572415296796,0.3259005002478982
632,0.21912944619264363,0.19399019022232286,0.1896561059959668,0.20846344148532878,0.2656059900304605,0.18956459605459905
633,0.21259868938068263,0.14790693550381723,0.17193265896842871,0.1942787462300289,0.2177642353297493,0.18945433091848188
634,0.1432900185994799,0.061911849976289825,0.14314985344774805,0.14629529400965244,0.1978262292478774,0.16079357316332726
635,0.16991077299715682,0.07793057699972669,0.147507522983052,0.15998373975607627,0.19310051585737026,0.1865850896772068
637,0.20606627802550445,0.15940971398437095,0.17902359789389885,0.19683284379000687,0.27823012185986334,0.19100668336958154
638,0.29517109276379416,0.1345227232344468,0.2696676421703249,0.2883085434998196,0.341045239795563,0.305600707018965
639,0.28837324243829743,0.2060768576012422,0.2703709120650353,0.28422955094759844,0.3541160403515035,0.27662038924132537
640,0.1974878196298418,0.10951253715462224,0.16627750326055793,0.16741755427834465,0.21721065839576545,0.19606677710150366
641,0.1368315390697317,0.1354317551660507,0.11506219927299641,0.1310425301761551,0.16436601043358426,0.10556465896897749
642,0.20375810414102513,0.1313949570928246,0.16826060960907335,0.19883778385559375,0.2316498915180727,0.17384942603766376
645,0.14217582760864714,0.059876908010593845,0.14202639422873778,0.15208374326096613,0.19241166953464245,0.1574944231112693
648,0.15954051537326036,0.07683505065560953,0.1531897628828561,0.14677276679948256,0.22019915051133118,0.18526421637090715
649,0.21866900099540343,0.12438596429099251,0.19908889822433762,0.20458194424983214,0.26986925338183343,0.21886794500487916
650,0.18730609364313233,0.17233333491564634,0.16721856556127734,0.18623234179331163,0.2274539308731579,0.1418430626378728
651,0.2842059018635776,0.22031303304107222,0.2635946040210561,0.2844611823269001,0.3349618703093422,0.25358111366690206
652,0.3296276353321413,0.20243941363541615,0.269342943988793,0.289999158981334,0.3216154629077682,0.29005129355199133
654,0.2854930725546973,0.21911378851877922,0.2560955155217757,0.27278202528522705,0.29147198613607306,0.23373835899397538
655,0.18246689923946602,0.13159012287692767,0.17849984683444,0.18125850404810426,0.22643056456924263,0.19198454595353528
658,0.11558902271368322,0.061240028065123464,0.09663751003938575,0.10521333939551188,0.15982669400550437,0.11121367354923975
659,0.24441838842711752,0.15990679212273695,0.2187096478029345,0.2202965426399466,0.2811272492099534,0.25028943788071717
660,0.25055381489666095,0.20601837777513296,0.2139639114132447,0.2471800190402933,0.3138735033955167,0.21386747946278314
661,0.2498899767340383,0.15055896002411132,0.21504229250490678,0.22794101793848595,0.2576854184651371,0.22704871307774518
663,0.18435421262195195,0.11476911907084507,0.18852118044039123,0.20548122728886975,0.25473773776964287,0.2183928210334021
665,0.14533097702964692,0.10984250599253594,0.11177508923118772,0.12890026547198896,0.15739027850351256,0.1323456391462055
666,0.17928782617871467,0.17494483143384557,0.18661290908144237,0.21914128339178215,0.25173780080364955,0.1505024022846783
667,0.2347561190116481,0.12569802361289775,0.21261087850047808,0.2148385650778611,0.28094074247230794,0.24332406822153202
668,0.13130419637959,0.13256033337257622,0.10386872147200224,0.11288709225565788,0.12173700633938045,0.09878145103851739
669,0.15049208800526892,0.1300960862387238,0.13778528985403066,0.142945484486948,0.18913316840212882,0.15648660107140083
670,0.3146917285207251,0.17484023966773127,0.28477841758840455,0.2960896960612701,0.3641982618341809,0.3119706021418471
672,0.27686068940824987,0.153343797606642,0.2425025535889089,0.26512730980375165,0.31630358602096276,0.2957605715434354
673,0.17477189554294176,0.1850264711353317,0.1572468001696591,0.1800594598263425,0.23553400321550896,0.15528266656715778
674,0.2500409280720892,0.17264120254110046,0.21729119964028537,0.2327505028077891,0.2902932551397265,0.25487395597836887
675,0.22986923438041337,0.1992420970236406,0.218611280388462,0.23917267129437028,0.27503243501885233,0.1954976355072997
679,0.24529879332803084,0.1766274306454399,0.21135306596917772,0.22669235251341682,0.26083508254660004,0.21879466409644183
681,0.240428318243497,0.15966169485117965,0.2110374194650071,0.2284957474532829,0.2626206972353467,0.23522871746625476
682,0.1525443521715236,0.10898901382256464,0.1232438643328725,0.13389265749533147,0.1600040938003471,0.13833034040001344
685,0.2104021807405755,0.17134599963467745,0.1968333794537536,0.21840071240561126,0.30639044718014796,0.2000230304600532
686,0.24487100312809065,0.14280114871863228,0.2061623132242413,0.2372531948794141,0.27753095654603266,0.2621590468503507
687,0.20844268942900968,0.12212629512852392,0.1783523303049805,0.20685850567763236,0.24024636556113643,0.2006599433883813
688,0.200101919122245,0.1827401413396061,0.17504308136708785,0.19737746943560652,0.264691004508934,0.1647717247747348
689,0.2963869554541102,0.230731911130555,0.24148257723969951,0.2805947687146699,0.2950045687300108,0.23301096601817164
690,0.24309205469257414,0.17909306491830293,0.1873160695341212,0.19941215160738435,0.1932043208993249,0.19978668050962314
695,0.14257547776955223,0.09717495600363095,0.11759025227340202,0.13037143458832806,0.15826757072567124,0.13049340950627883
696,0.32949128010143536,0.23365077415297789,0.2810673779059018,0.31697411385839097,0.3713313033100324,0.29328852813092665
698,0.36424492035090233,0.23176028751897665,0.31337422261618425,0.3422820409680596,0.37491349250827954,0.32925160469917825
699,0.15230820918113452,0.12476115056972341,0.13312512765818257,0.15096139737818465,0.16906532074529426,0.14458777516208515
702,0.2051327263659843,0.1678515548399699,0.177620519944241,0.2032947939723029,0.23463388119852463,0.17575235942501724
706,0.135627103354033,0.10903149129534402,0.11947124021789989,0.13102552684965713,0.14727524573192705,0.13262395288963114
707,0.29120171951677726,0.2254730544343297,0.26037666274084637,0.2832488256199926,0.3384305207385385,0.2625478410911134
708,0.25591370013867293,0.17487323173079672,0.22556661242940967,0.2576814131696841,0.2915252532840954,0.23661581640860974
711,0.1302721133493949,0.15822799054549286,0.12362201672207089,0.14459639723921025,0.1766733994681794,0.10456841284726008
712,0.22401730592320956,0.20107105422190596,0.1838498277328099,0.19758700991104386,0.19984567231097386,0.18410680409928643
713,0.15133411645370667,0.04093764082138059,0.15247373839374034,0.1399337795711425,0.21166137313993896,0.1892867224971623
715,0.21900325725007444,0.12069488604459372,0.18215600067129828,0.22873376321128092,0.22432540571610168,0.22504836007990336
717,0.21813952526478153,0.13749857275596475,0.213730834651172,0.2278061779152589,0.2783811673134784,0.22620668504797925
718,0.1622339591457741,0.1459926312139878,0.1416206145580276,0.15782416972296934,0.1808576492909917,0.13336773863217932
720,0.30761296773631724,0.19040355513362434,0.2718279338066055,0.28843276035722293,0.344903438260499,0.29026819001249154
721,0.26619205826137265,0.19973135305168402,0.2277639567808223,0.23528495233103708,0.28345298750570436,0.24664662552822178
722,0.23064529324721197,0.15483485623730145,0.21621794888441467,0.22925669116624678,0.2744574725355334,0.22539487122811092
723,0.1519867910683851,0.12236670179522556,0.1325566382782635,0.1289226513267155,0.15921067729644045,0.13922946440729733
725,0.34116957507611256,0.20467960871127366,0.29131587955600347,0.33709082787267514,0.37914454816162735,0.34755872635909496
727,0.1516295226925187,0.13534725474132395,0.11911572048106212,0.12660220357233887,0.14008405027504947,0.12713691558430606
729,0.20366237429770273,0.17047180913725626,0.1769255669274882,0.21974560667258233,0.22372513098474653,0.17861106309712738
730,0.33522770655071943,0.19442008018031168,0.2833266606266363,0.31059383936154733,0.34880778991197187,0.31384944612096916
732,0.18243655807825598,0.195807073988154,0.1570126464616408,0.20051520872205572,0.1953956263462957,0.1233120920801066
735,0.22058929189513574,0.20101441608359094,0.20545108005478957,0.2204983376984149,0.2590729613664626,0.18689007450584275
736,0.21889159009987505,0.17107349784037904,0.2001016177116505,0.21236549138183894,0.23907276890767404,0.19023229114959048
740,0.1909149527307811,0.12911567491049086,0.18636506069574896,0.2103142030822782,0.2593895154886803,0.1757880369951007
741,0.2709732446366343,0.16655956522202042,0.2414652523204638,0.25994663905382587,0.2973852870449848,0.25817042785010397
742,0.13933064130953962,0.08452636757153607,0.11905346898209115,0.1512643237180339,0.1606608737819715,0.12222040425941486
743,0.15765021397583048,0.15889958866459333,0.1433653795087865,0.15245997683202778,0.19903748699378912,0.1267945005714336
744,0.16215115177956607,0.13281125656660886,0.14388540639215536,0.15932418491663664,0.21210940518451407,0.1594120252382028
746,0.17816534975832482,0.10562355824622191,0.1652224355316152,0.18550562711053603,0.22012557091705254,0.17439442359583046
747,0.18339355062156834,0.10909572824903024,0.1614041260266923,0.17011195827634673,0.21384565394876479,0.17923932561166256
749,0.20728321132381236,0.140730073665748,0.1785325664196961,0.19578404058834945,0.25632155398141876,0.19073651174154954
750,0.2005779761969744,0.09521260264636841,0.18826436437351526,0.20127410839986376,0.2346626783489498,0.20639405391754262
752,0.34011662041057017,0.23412455263294119,0.30689547268509315,0.3291096208501505,0.39603544223064646,0.315258614398567
753,0.22802890561423902,0.18111253005586622,0.19950134499986547,0.22704072339049164,0.2563364470181276,0.1883308488822384
756,0.26622399894991444,0.17802917861873754,0.22621158788931364,0.2317357851065411,0.29557589516383936,0.25981196809872703
757,0.20598815442352506,0.15451285896337683,0.17621221455014313,0.19859043898466902,0.22161969819995772,0.17650829443130597
759,0.3970022985993524,0.21605292475126803,0.3479165366428853,0.3770547695944331,0.4313998723936466,0.40015181561638496
760,0.3055869405678041,0.12631014019289594,0.28036598296983795,0.2918576464957662,0.374564659678038,0.3292109170139664
761,0.22573647235916844,0.21746792960544145,0.1925149652020338,0.20943999855849824,0.23938960163368833,0.17359943638044054
762,0.29401414229196093,0.225348555020422,0.252638598552383,0.2713522176301279,0.30905772052380365,0.2560151091859387
763,0.3570010639715227,0.21001779064118647,0.3322523954402545,0.35772829128407935,0.46940760393789516,0.3735505723160008
765,0.2749283936354013,0.1601843194923773,0.26586914606140316,0.2721788466238222,0.3790899842079261,0.2885581100703755
767,0.33387521879466353,0.24259460752127326,0.29045908594354325,0.31734758282520625,0.3551297643862002,0.2934898083172169
769,0.33241890840886656,0.17099073263472434,0.2900533327923898,0.32570383627697164,0.3682353012965596,0.3440378019337748
770,0.28609821881691233,0.1767815524701534,0.24914915025602866,0.26534857146206214,0.33919801773890174,0.2769126699600854
774,0.28389674708845397,0.19515937206378528,0.25972546360358617,0.25648628677389923,0.3269315989659223,0.27391567882686363
776,0.1662573723650513,0.10723852977349047,0.15401492283454837,0.17373260111655733,0.21318465285272964,0.16529449530946297
779,0.14296838602271716,0.1162837683925172,0.1340131695827949,0.14786745274932428,0.17275943792003684,0.11687665816849205
782,0.24019148699124016,0.2010315406718149,0.20965417160231226,0.2312973029370051,0.26919050191388283,0.20572136518176623
785,0.2940341262162745,0.16267979866136428,0.25532998808917917,0.2861967296359013,0.33161168089119597,0.30290632340565576
786,0.2734288381239658,0.2279368297105364,0.24003322392771495,0.2664702291581479,0.29331906422127985,0.22681571949266194
787,0.23332085450303325,0.15740967936042338,0.2026606663540619,0.2314810175946998,0.2641525742280509,0.21188648105741706
788,0.18765122138667764,0.12531334497699498,0.16735230767367817,0.17700222315041417,0.20396511737336265,0.17885814999956834
790,0.17313848877954144,0.11276865749433493,0.15935871545361008,0.1608160968030947,0.2483811354204606,0.1790229394468483
791,0.15489103985459918,0.10118532656889159,0.13195620900461064,0.1560622769859564,0.19212563447789133,0.1371268867420545
792,0.17765073337983656,0.1651611861191552,0.17175409954013346,0.19281948730864054,0.23898079860764843,0.1515176025353636
793,0.2630194349945603,0.19901332196902502,0.23377003544908975,0.2355842715209243,0.32316824814656736,0.24604274947361676
795,0.33099884835778076,0.192389268800843,0.29101236236531763,0.3294697789185432,0.35485138334390376,0.3224078830029821
796,0.14941034943495643,0.10402830999419357,0.13090946648595211,0.1478348519935412,0.1809986438207062,0.13688591374966216
798,0.19354306194467677,0.11484941851441254,0.1668761784934559,0.19359552624119403,0.21651799108796427,0.2030317592436157
799,0.3171474369091654,0.17498229813272395,0.28030539965656126,0.30242010247593015,0.3523769671031055,0.3194944891717153
800,0.1305208312597322,0.10721268050634128,0.11924933169625623,0.14555423405600093,0.17869552608423206,0.11453649764143489
801,0.22035239610254942,0.12849870605448652,0.2167834773990125,0.22926924357298845,0.2824986757567331,0.23041344919282647
802,0.2390463005482897,0.13926059620805464,0.20058680220637412,0.23842348181692813,0.2573903733809531,0.24890803489607224
805,0.17594600078720238,0.09191847241432093,0.16284463862269813,0.17874618165606682,0.22492464070228962,0.17526558197703948
809,0.28862296104061363,0.1908901042592219,0.24224378721424233,0.2642614989712804,0.28768271801479317,0.2517413519623623
810,0.14258347707025243,0.08597934335368877,0.12766597493977416,0.12013114392247702,0.16628422087477504,0.1592075139652457
812,0.28379739191990516,0.16564589830182153,0.24774006432149304,0.28059716900329984,0.32229210203259834,0.2952734911793016
813,0.15854941400625092,0.13414789831450083,0.15197087615239502,0.1483908269017861,0.19314370130607358,0.17823018329238613
814,0.2538550176292603,0.2526638817443074,0.21206725638610666,0.23304067891248265,0.26026662896536834,0.1966169739274787
815,0.17579595822328298,0.08975611440506961,0.1716381694346233,0.17753348630992508,0.2406107230760572,0.18575282329348664
820,0.29489197851052706,0.17420381067550308,0.2668823982012694,0.283613591774608,0.34614003534186444,0.2859212304540187
821,0.3344268627280852,0.17609604945057666,0.2879911408507609,0.3415202175860934,0.37348181688238785,0.3348312239088152
823,0.17839197634858456,0.1133570068621958,0.1541599434403819,0.1626550912694,0.19684232423350742,0.18310964836555946
826,0.13638300674129428,0.07946827631395657,0.1315110916167114,0.1288968642008449,0.17876744303091055,0.141466664402245
828,0.10130436765205558,0.09040430282501728,0.09150988347968692,0.10608269392947553,0.121295939577843,0.08840162154622166
830,0.10244142697633689,0.04915630368517462,0.0930042573060459,0.08642853716286607,0.13407592755431122,0.12393206397581967
831,0.18910650410664773,0.11239851717154963,0.1841651980246789,0.191805513214678,0.22362805343799755,0.18326536628161183
832,0.09982471046348979,0.08259182587098204,0.11305910338823244,0.10083100866110259,0.1894286443692283,0.1124995330020772
836,0.3870950274162736,0.20164622937897367,0.3327559390996918,0.36833632065741667,0.3999703253810466,0.38227054922521037
837,0.25201260699029976,0.13476774284534607,0.22741652879910262,0.23381886808018926,0.28861394097418486,0.2522800871876661
838,0.08753298790905692,0.05110486405757616,0.0870443642139986,0.08806381258378503,0.12331975189886756,0.09880928284153923
840,0.25736030275778665,0.1392796666803726,0.24171927885063987,0.26099421766967873,0.2931375209308247,0.2490520068177829
842,0.2409251881292007,0.12587854200061613,0.21769922046230827,0.23168809923906583,0.2730916062831502,0.26255346512491995
847,0.21635920682029425,0.09780093887736449,0.21037349610828093,0.22733622851580243,0.30096776022389754,0.23575062403440258
848,0.20831482672727988,0.11176986898790615,0.1791226844216133,0.1995675387473148,0.2277992405114355,0.2333911098907405
850,0.3605899585704766,0.21883259256867219,0.3324765508338376,0.34338213425315467,0.425084653233589,0.35352834255910814
851,0.38184826244823256,0.21121525231852437,0.3304185049388486,0.362725990745352,0.41971463735083475,0.38414309948394637
852,0.2396283119920296,0.13647609837620633,0.21457415752958955,0.22769947193948203,0.27053112722589745,0.23726500407815315
856,0.20915152124366523,0.10427768931763505,0.19707870074849695,0.20503653131008864,0.26690884092041434,0.22057045380982684
860,0.09023921792413958,0.048845763800414735,0.0894013868963528,0.09232941443135448,0.12487122824181959,0.11615030416996106
861,0.2792619715396579,0.13929409799128883,0.2478043688060905,0.2746386089291129,0.3103128987330607,0.28692072052990564
862,0.14384642569089393,0.09637794362464291,0.13766115400376416,0.15407493723946775,0.18087377570186758,0.15661473470649045
863,0.29119131108753676,0.15377368735211636,0.267301353922872,0.2914504207439121,0.34589469027626824,0.312077354546426
870,0.2119299580804842,0.17736336910948192,0.192231168520451,0.2021462817127037,0.22540432011684047,0.19699411755014884
872,0.37112508738976413,0.2080975377205357,0.3198088067389806,0.38457066204123935,0.4082760892731756,0.37425212985197515
873,0.2717838824206192,0.23062053714003158,0.24096416110095875,0.26197815124328705,0.27715617770710854,0.21684437824181568
874,0.11336667545827661,0.11524635904921918,0.11248527983350365,0.12410235933800125,0.11892725328240333,0.09113775056254945
875,0.23674999036729452,0.12858156583059643,0.21327236557404547,0.2274975731948921,0.2768402366444599,0.23246866810559386
876,0.13301902007768537,0.1450364855684778,0.13591588848642291,0.14812825601530474,0.16881972891214062,0.12237453304494979
877,0.2704246944509632,0.1300973935529007,0.2297717604525104,0.25577825341682203,0.30290762136287014,0.2972187542065827
878,0.21861058599504812,0.1364135519851811,0.1934793793509082,0.20492422694246765,0.24070398071478574,0.2131426600748313
879,0.2349218717176172,0.1808237849652145,0.20252948633921708,0.2238007339880481,0.24470098557531117,0.20838933766327886
880,0.16841602201392258,0.1344188326432955,0.16991128620482018,0.18361185473476502,0.2533298953551961,0.18437917921278021
882,0.268201451299,0.15917211950306392,0.22441127399871288,0.2412278130420786,0.2825602286357161,0.25496776347042727
883,0.14753079786359086,0.1006089024288511,0.12528721997434647,0.13953810421241122,0.16442895599387936,0.13113244541141303
885,0.27722314778736834,0.17609030537536893,0.24063863445467895,0.26077597930766394,0.2991044392295248,0.2525124634390373
887,0.2608696319990953,0.20066645139623104,0.24414563626034583,0.2574058795511052,0.3108852714895916,0.23846812064076242
888,0.25504551216206667,0.1633517421725207,0.22289633457855487,0.24078212858129838,0.28140280193001577,0.2516146668898729
890,0.3068117533860337,0.1680080388815283,0.27239799057137426,0.2724502448921489,0.32309814230161893,0.29574310161195
891,0.11297005329899897,0.07637732081418817,0.10558848922380873,0.09688358208090252,0.14224017222246424,0.12422235353718473
892,0.2357373516951532,0.1490605176210139,0.191310042752215,0.22074603773561002,0.2283193343091952,0.21677189717627632
894,0.239369270102962,0.18674615229673594,0.2216848405222045,0.23535327491176306,0.2818222104625816,0.21940090529112694
896,0.31008658568119846,0.22149819859256917,0.27083801761718523,0.29599927538700466,0.326176985998731,0.2638143309642329
898,0.3226338403460176,0.198955999523745,0.28790222406803356,0.31270820537396704,0.3657543664727754,0.31554564230641274
899,0.28945674510980496,0.2203100223131537,0.24652640239360749,0.26768740366488475,0.29809772572124754,0.24897814400108023
902,0.30277319768044164,0.23963640408612177,0.271379553525726,0.3056449871208543,0.3363681430566339,0.2519118741221057
904,0.3390107570998544,0.1967565728767756,0.28843520610537693,0.3263155354445433,0.35996932932547754,0.3200661984679101
906,0.23831044258240042,0.20106828363732254,0.21831996503890144,0.22644640671743424,0.258383753086232,0.20422606812074923
907,0.11510383486979506,0.1263915802181967,0.0908886331555761,0.09184354422165879,0.08720415898864442,0.08758881083293042
908,0.2665997954553739,0.18373257911785162,0.23580105881740676,0.24939091985125503,0.2845620642912499,0.2389610942040622
909,0.28381626610870814,0.17144615630757493,0.24394358388042542,0.2607150497839053,0.3085896488548094,0.27074810527499604
910,0.1754367877656794,0.0841202919962251,0.16194020802065168,0.17896580936853035,0.19834769211588993,0.18797047937505254
911,0.23074029932186688,0.17135773895175282,0.19986302612662504,0.22623220030286947,0.27019381770966583,0.22610996493237562
912,0.22597937192237122,0.14575463562257382,0.21531317790058122,0.22047998116771172,0.2743626765291504,0.21523998236511444
915,0.32011751608343897,0.250781431164916,0.28990626094681,0.3120654993478811,0.354491396376638,0.2962853835220526
916,0.271285682122978,0.157028868979592,0.26644286911192155,0.2790301745582447,0.37336005650253634,0.27733152369329356
917,0.13960257202297918,0.07742709598847461,0.12329702490391367,0.13135290179521203,0.1565574507264801,0.1342723487258974
918,0.20457732444116222,0.13464319006213352,0.17258535148587578,0.17860328250567167,0.21686823465463695,0.1882433842613325
919,0.32432448566819944,0.19349021302091637,0.27298562707376706,0.29674659337691683,0.34321212590307193,0.3271834470587735
920,0.27188648262690884,0.23465878184693761,0.2506886392359121,0.2663349130013009,0.3119626888450448,0.22953954488877748
921,0.17165462902534215,0.12514936914303,0.15917862739913705,0.1654554073318553,0.20571038057064764,0.16428680238967688
924,0.12084856140643829,0.09476812630649335,0.11986755885259034,0.13533771905300762,0.1629260856329992,0.11255201579930203
925,0.24209581479737066,0.1446359662796685,0.21640408844659836,0.2213033992715308,0.2542281350264915,0.24252144724484817
926,0.2753728535919306,0.14273943410728643,0.24666835875036705,0.26826703467785024,0.30581906516209234,0.2649100611624251
927,0.2958990647828376,0.19661715870805108,0.2608664159280537,0.29513424909681363,0.31775169849631735,0.25427941040911345
929,0.3248880125153955,0.19504119453356875,0.2816197247822658,0.31627607460672624,0.3685562610257701,0.31945042713367183
935,0.19209921391150583,0.13210522505336994,0.16797083399758184,0.17749390251909117,0.19795355923654318,0.1756879761268906
936,0.21118350867318458,0.17598667544703447,0.18045299103217294,0.19695384292539353,0.25129246353135043,0.18184533454264484
937,0.23381412811755525,0.18331415016538144,0.18943042698493404,0.21108162462203686,0.2016044880826741,0.17987081466104057
938,0.2775639503741621,0.1431898091928293,0.25692724579795184,0.26372564859806663,0.318368951605667,0.2796172384140767
943,0.1488004092676552,0.11484479291187144,0.149298632139453,0.14566584411304823,0.20322483002009287,0.1776690516929306
944,0.13192737113480144,0.1320953823335927,0.12395932131063127,0.13710966972518607,0.15671943897232843,0.11126639996626601
945,0.17896170951973503,0.09049262276538866,0.16124943822888216,0.1628689152172987,0.20621745644468223,0.18603682508422578
948,0.3093806223293607,0.17906448182144014,0.27757445498979305,0.28742058353343153,0.3503930732226237,0.3000742421442852
949,0.3561279708605894,0.20062276051641167,0.30655123692238384,0.33812985511344035,0.3985456567495754,0.3458865775795985
950,0.20653409230764583,0.10805796501832227,0.1618168256015681,0.2133293542964432,0.22866470288652993,0.19388643015807352
951,0.15826149471071974,0.11384462855142108,0.12973029401724906,0.13556167960890442,0.1796456993800098,0.1454385764448834
955,0.34940474718101816,0.1920976400978726,0.30664020441843864,0.35200813117676893,0.4340557660930691,0.3617503970785212
956,0.23192032351630054,0.19776895386145818,0.2051412894928972,0.2255038410198653,0.2474019250586044,0.19368500153852672
958,0.24359758574128135,0.13548827689322665,0.21693737958901058,0.22514205758233424,0.28041230755846697,0.24853292546366437
959,0.49491040308064294,0.2538891609025921,0.44460901514263573,0.4803939177746335,0.5654079317081289,0.5165672190145402
961,0.18717912475235168,0.130166262462956,0.1543062685347828,0.15373382037020553,0.1828916139259885,0.16735573425700392
963,0.19396490645955372,0.09181053456994105,0.18730465566296506,0.21180621149832796,0.25633655913533976,0.21049012693855776
964,0.1837777957740391,0.16057725360717173,0.1676164474500277,0.18105482212006066,0.2064882613189578,0.1687738660400059
968,0.11131988145208523,0.06947511552452784,0.09868339286535042,0.1262067645288331,0.13535624712600622,0.10473839796549476
969,0.24186445499836304,0.1430077381803592,0.20728281341037075,0.21796814696729805,0.26809722524130436,0.23464495111764067
970,0.2356702727378648,0.12545033856759566,0.21968394001789965,0.22118907525070186,0.2943918603379398,0.2461163712697308
971,0.18868582565334346,0.09292749905933982,0.17062829086557257,0.18413265557306036,0.2117376871698612,0.20145848022019405
973,0.23779387998338886,0.1789732659874109,0.22558230471106444,0.2409236464651426,0.28737511695636386,0.21919095587056006
975,0.41739268193967655,0.244946432347361,0.3536524739508943,0.3771237468782341,0.4462637413013797,0.3875211134996428
979,0.20432406572820022,0.17706964452628784,0.16735296023055474,0.198581015089119,0.1998525363655839,0.14872405387081272
981,0.137577331196628,0.12146453243079537,0.1389880189674956,0.14794787146459146,0.16780783488896725,0.12166951577316097
982,0.26385112300249086,0.17356792267657906,0.2231755566767339,0.24308167858247087,0.2866439392724621,0.24711737568606879
984,0.4097307704167157,0.23773626420525765,0.35999044564660443,0.38259789329777333,0.4450184041654347,0.39591127569328866
985,0.1807554836863281,0.13393555782822583,0.17606824859680026,0.19111799466103893,0.24045835725242176,0.17157949006080453
988,0.3508449437156344,0.2317365523196615,0.29311334934280414,0.3184425175268843,0.35417408458225835,0.3096948374989137
989,0.26069013519937445,0.18280503836851367,0.2477703953844749,0.26134573675938333,0.32914061611435014,0.2487451094123079
991,0.2992968797589553,0.24478455599225138,0.2551050511329752,0.28028417465723365,0.32147471923414284,0.24724129261279043
992,0.33305688329976024,0.24393971053515237,0.2985467406821952,0.326169161263583,0.3799838991651375,0.28610628435785107
993,0.31001306457557015,0.169666855505339,0.26115863011498014,0.2842912585841632,0.32897435482990767,0.2964679928089167
994,0.17449232329144693,0.11274904307263355,0.1585081801678481,0.16371963623553587,0.22188898309155952,0.1774047961378985
995,0.31199421184092824,0.24812552651392272,0.28091256629917105,0.3015686378347665,0.3363419577284037,0.2601409655002473
996,0.3093417420584972,0.18746102820600546,0.27707883664307953,0.29893777455366244,0.34420411475201995,0.2900813165877398
997,0.24325051069864884,0.2553381874532262,0.22941511327752498,0.263176631749796,0.2777158313596319,0.17131177514678617
999,0.2936810099828073,0.18917128405938222,0.2514175708457894,0.2630509110885754,0.3039023344440588,0.2628891537981498
1001,0.13106869296432322,0.1373439756882148,0.1334401936525198,0.15349204933412033,0.1946469450855787,0.10293166725222085
1002,0.21139581080129807,0.1375171970870686,0.18630253424950213,0.2007320174984838,0.23928084407369518,0.19161511482739155
1003,0.24725504945645482,0.1660390917829219,0.21100533113928419,0.22970658673910846,0.2570936997333085,0.21819297349135405
1004,0.13524488566998355,0.08012143331407594,0.1330199907251671,0.13430147228969141,0.18247289030296657,0.16436191896475177
1005,0.32700837134233246,0.2222666527475698,0.2862472195443285,0.3190962234077298,0.3472452747893598,0.28118656415671384
1007,0.10928454620496712,0.11433766923963923,0.0886259150125858,0.09806596244285276,0.12898277032775307,0.11547703958995373
1008,0.29686166763700994,0.18508185182305661,0.2519578403431449,0.26215443238628955,0.29719101066084946,0.2636164282504483
1010,0.21909506665560902,0.1529120455710518,0.19856664497085422,0.21471176978718184,0.2696555454657805,0.2033502668311715
1011,0.201679380802328,0.16751751996313274,0.1667761682588854,0.18408149653661943,0.199317564854871,0.15698110377717706
1012,0.1742385179274,0.11836832641811516,0.13921225622009364,0.14085147002575898,0.16724433711755074,0.16001273624979448
1013,0.20055105923864794,0.19038606521308754,0.18351027012075746,0.19322009737306578,0.24065087937232743,0.16320193703547597
1015,0.27499918255159156,0.1856783261448559,0.20524611681993452,0.22223047114688685,0.20978501091199692,0.22825568927178785
1016,0.2031561149876421,0.15656498225794138,0.1775696114213281,0.19197328113363168,0.23693957190873569,0.1838791870759023
1018,0.35528181401584535,0.2612252560980666,0.322167568150481,0.3367408892798642,0.39423998870756477,0.3203402459487505
1020,0.2698006180699251,0.23103439110678792,0.247096978028309,0.2664198031806151,0.3094432654420234,0.22558793101982913
1021,0.1368707807594755,0.08232650693385865,0.11919741119744197,0.12963617709394237,0.13464963400516503,0.12055315611724571
1022,0.23466409815203912,0.16911432445459754,0.20099774227261988,0.21718817255907363,0.2525730127437646,0.2113247499116088
1024,0.19779839877917627,0.16317263238638977,0.18730700242172998,0.19583347125568565,0.22879047816319287,0.17727191587722504
1026,0.3081077718477858,0.23861275529385123,0.2829527794783285,0.30478563447940643,0.37562845040082854,0.2852131537092444
1027,0.17634338726996626,0.09473990988650072,0.12207209658068598,0.14050484818154843,0.16160888977163113,0.16530598459194368
1028,0.20485055748815703,0.18660104111596193,0.17789325698672753,0.20194713666811176,0.2116204566735842,0.15569266024160405
1029,0.16604525235180692,0.13978136133387528,0.14211576145333896,0.1561052691082831,0.1666948507305965,0.1372987943817333
1030,0.32304876351586503,0.2067865103805849,0.28258297869334276,0.3063370186536608,0.36247749500688115,0.3040808526021442
1032,0.13843650642548913,0.08754517769037791,0.1327201326102304,0.15441797302510307,0.17243452174333337,0.1261916130227327
1033,0.256959176117762,0.14435231405995957,0.22668182968104522,0.24025323025824238,0.2794584147619843,0.2420745665517963
1034,0.11092540431396479,0.07125366949391147,0.10276792519036193,0.11668494274251347,0.12451671412838619,0.10230531025338778
1037,0.2245458565240644,0.1734258255455858,0.18986592286789672,0.2056594832259541,0.23123333736385704,0.18976759922392933
1038,0.3181994357249302,0.20292758288852286,0.2765264879085426,0.2956323616931469,0.33218538151679705,0.286014432277959
1039,0.22248839988234487,0.18722199387807648,0.17815124372564176,0.21522612132020166,0.2372297328698186,0.173248875220948
1040,0.3262824491517608,0.181202184268341,0.28367542191519557,0.30395349258357085,0.3485719531145568,0.3078403642101672
1042,0.3137649457553035,0.19715806746908676,0.25619493813922295,0.2976655801735903,0.31768340672078493,0.27663699385071533
1043,0.14094934813074186,0.07995897812359985,0.12807909051474176,0.14832274009601767,0.16071525626592043,0.1361773561486539
1045,0.25928914935078823,0.22409834096296896,0.21425946382953598,0.24743953053873743,0.2810122250315598,0.19863869687558544
1046,0.30321389716846514,0.2138036330986444,0.28447601076740053,0.312020808246795,0.3742746203007566,0.2726703941730716
1047,0.19624984928479622,0.1736195298985499,0.1765624537580163,0.19469224733958637,0.22913052690412306,0.15774656626761804
1048,0.22161508132969368,0.20642385182195097,0.17138963548266103,0.21132165537491296,0.20303785137434374,0.15903064881599313
1052,0.12143338750712954,0.08544918496884474,0.1071578025674251,0.12704051711236747,0.15785179473489955,0.11720212182270939
1054,0.27837890468275844,0.1698721873268811,0.24178530977528168,0.25881415947955544,0.30162409412253,0.2575211554600648
1055,0.20718774349005023,0.16366547656794705,0.18137084696595956,0.19832155087366943,0.2276005038783024,0.17648371142176406
