sentence,Narrative Structure,Character&Emotion,Originality,Immersion,Thematic Depth,Writing Style
Sentence 0,0,0,0,0,0,0
Sentence 1,1,0,0,0,0,1
Sentence 2,1,0,0,0,1,0
Sentence 3,0,0,0,0,0,0
Sentence 4,0,0,0,0,0,0
Sentence 5,0,0,0,0,1,1
Sentence 6,0,0,1,0,0,0
Sentence 7,1,0,0,0,0,0
Sentence 8,1,0,0,0,0,0
Sentence 9,1,1,0,1,0,1
Sentence 10,0,1,0,0,1,1
Sentence 11,1,1,0,0,1,1
Sentence 12,1,1,0,0,1,0
Sentence 13,0,0,0,0,0,0
Sentence 14,0,0,0,0,0,0
Sentence 15,0,0,0,0,1,1
Sentence 16,0,0,0,0,0,0
Sentence 17,0,1,0,1,0,0
Sentence 18,0,0,0,0,0,1
Sentence 19,0,1,0,0,0,0
Sentence 20,1,0,0,1,0,0
Sentence 21,0,1,0,0,1,0
Sentence 22,0,0,0,1,1,0
Sentence 23,0,0,0,0,0,1
Sentence 24,0,0,0,1,0,0
Sentence 25,1,0,0,0,0,0
Sentence 26,0,0,1,0,1,0
Sentence 27,0,0,0,1,0,0
Sentence 28,0,1,0,0,0,0
Sentence 29,0,0,0,0,0,0
Sentence 30,1,0,0,0,0,0
Sentence 31,0,0,0,0,0,0
Sentence 32,0,1,0,0,1,0
Sentence 33,1,0,0,0,0,0
Sentence 34,1,0,0,0,0,1
Sentence 35,1,0,0,0,0,1
Sentence 36,0,0,0,0,0,1
Sentence 37,0,1,1,0,1,0
Sentence 38,1,0,0,0,0,0
Sentence 39,0,0,0,0,1,0
Sentence 40,0,1,0,0,0,0
Sentence 41,0,0,1,0,0,0
Sentence 42,0,0,0,0,0,0
Sentence 43,1,0,0,0,0,1
Sentence 44,0,1,0,0,0,0
Sentence 45,1,0,0,1,1,0
Sentence 46,0,1,0,0,0,1
Sentence 47,0,0,0,0,0,0
Sentence 48,0,0,0,0,1,1
Sentence 49,0,0,0,0,1,1
Sentence 50,1,1,0,1,0,1
Sentence 51,1,0,0,0,1,0
Sentence 52,1,1,0,0,0,0
Sentence 53,1,1,0,1,0,0
Sentence 54,0,0,0,0,1,0
Sentence 55,1,0,1,0,0,0
Sentence 56,0,0,0,0,0,0
Sentence 57,0,0,0,0,0,0
Sentence 58,0,1,0,1,1,0
Sentence 59,0,1,1,1,1,1
Sentence 60,0,0,0,0,0,1
Sentence 61,0,0,0,0,0,0
Sentence 62,1,1,0,1,0,0
Sentence 63,0,0,0,0,0,1
Sentence 64,0,1,0,0,0,0
Sentence 65,0,0,0,1,1,1
Sentence 66,0,1,0,0,0,1
Sentence 67,1,0,1,0,0,0
Sentence 68,0,0,0,0,0,1
Sentence 69,1,0,0,1,0,0
Sentence 70,1,0,0,0,1,0
Sentence 71,0,0,0,0,0,0
Sentence 72,0,1,0,0,0,0
Sentence 73,1,1,0,0,0,1
Sentence 74,1,0,0,0,0,0
Sentence 75,1,0,1,0,0,0
Sentence 76,1,0,1,0,0,0
Sentence 77,0,0,0,0,0,1
Sentence 78,0,0,0,1,0,1
Sentence 79,0,0,1,0,0,1
Sentence 80,1,0,0,1,0,0
Sentence 81,1,0,1,0,1,0
Sentence 82,0,0,0,0,0,0
Sentence 83,0,0,0,0,0,0
Sentence 84,0,1,0,0,0,0
Sentence 85,0,0,0,1,0,0
Sentence 86,1,1,0,0,1,0
Sentence 87,1,0,0,0,0,1
Sentence 88,1,0,0,0,0,0
Sentence 89,0,1,0,0,0,0
Sentence 90,0,1,0,0,0,0
Sentence 91,1,1,1,0,1,1
Sentence 92,1,0,0,0,0,1
Sentence 93,0,0,0,0,0,1
Sentence 94,1,1,0,0,0,0
Sentence 95,0,0,0,0,0,1
Sentence 96,0,0,1,0,0,0
Sentence 97,0,0,0,0,1,0
Sentence 98,0,0,0,0,0,1
Sentence 99,0,1,0,0,1,0
Sentence 100,0,0,0,0,0,0
Sentence 101,1,0,0,0,0,0
Sentence 102,0,0,1,1,0,0
Sentence 103,0,0,0,0,1,1
Sentence 104,1,0,0,0,0,0
Sentence 105,0,0,0,1,0,0
Sentence 106,0,0,0,1,0,0
Sentence 107,1,1,0,0,0,0
Sentence 108,0,0,0,1,0,0
Sentence 109,0,0,0,0,1,0
Sentence 110,0,1,0,0,1,0
Sentence 111,0,1,0,0,0,0
Sentence 112,1,0,0,0,1,1
Sentence 113,1,0,0,0,0,0
Sentence 114,1,0,0,0,0,0
Sentence 115,1,1,1,0,0,0
Sentence 116,1,1,0,1,0,0
Sentence 117,0,1,0,1,1,1
Sentence 118,1,0,0,0,0,1
Sentence 119,0,1,0,1,0,0
Sentence 120,1,0,0,1,0,1
Sentence 121,1,0,0,0,0,0
Sentence 122,0,0,0,0,0,0
Sentence 123,0,1,0,0,1,0
Sentence 124,0,0,0,1,1,0
Sentence 125,0,1,0,0,1,0
Sentence 126,1,0,0,0,0,1
Sentence 127,1,0,0,0,0,0
Sentence 128,0,0,1,0,0,1
Sentence 129,0,0,0,0,0,1
Sentence 130,0,1,0,0,0,0
Sentence 131,0,0,0,0,1,0
Sentence 132,0,1,1,1,0,0
Sentence 133,0,1,0,1,0,1
Sentence 134,1,1,0,0,0,0
Sentence 135,0,0,0,1,0,0
Sentence 136,0,0,0,0,0,0
Sentence 137,1,0,0,0,1,0
Sentence 138,0,1,0,0,0,0
Sentence 139,1,1,0,1,1,0
Sentence 140,1,0,0,1,0,0
Sentence 141,0,1,1,0,0,0
Sentence 142,0,0,0,1,0,0
Sentence 143,0,0,0,0,1,0
Sentence 144,0,0,0,0,1,0
Sentence 145,0,1,0,0,0,0
Sentence 146,1,0,1,0,0,0
Sentence 147,0,1,0,0,0,0
Sentence 148,0,1,0,1,0,0
Sentence 149,0,1,0,0,1,0
Sentence 150,1,0,0,0,0,0
Sentence 151,0,0,0,0,0,0
Sentence 152,0,0,0,0,0,0
Sentence 153,0,0,0,1,0,1
Sentence 154,1,0,0,0,0,1
Sentence 155,0,1,0,0,0,1
Sentence 156,1,0,1,1,0,1
Sentence 157,1,0,0,0,0,0
Sentence 158,0,0,0,0,0,0
Sentence 159,1,0,0,0,1,0
Sentence 160,0,0,0,0,0,0
Sentence 161,1,0,0,0,0,0
Sentence 162,1,1,0,0,0,1
Sentence 163,0,0,0,1,0,0
Sentence 164,0,1,0,1,0,0
Sentence 165,1,1,0,0,0,0
Sentence 166,0,0,1,0,0,0
Sentence 167,0,1,0,1,1,0
Sentence 168,0,0,0,0,0,1
Sentence 169,0,1,0,0,0,0
Sentence 170,1,0,0,0,0,1
Sentence 171,0,1,0,1,0,0
Sentence 172,0,1,0,0,0,1
Sentence 173,0,1,0,0,1,0
Sentence 174,1,1,0,0,0,0
Sentence 175,0,0,0,1,0,0
Sentence 176,1,0,0,0,0,1
Sentence 177,0,0,1,1,0,1
Sentence 178,1,0,0,0,0,0
Sentence 179,0,1,0,0,0,0
Sentence 180,0,0,0,0,0,1
Sentence 181,0,1,0,0,0,0
Sentence 182,1,0,0,1,0,0
Sentence 183,1,1,0,0,1,0
Sentence 184,0,0,0,0,0,0
Sentence 185,1,1,0,0,1,1
Sentence 186,1,1,0,0,1,1
Sentence 187,0,0,0,0,0,0
Sentence 188,0,0,0,0,0,0
Sentence 189,0,1,0,1,0,1
Sentence 190,0,0,0,0,0,0
Sentence 191,1,0,1,0,0,1
Sentence 192,1,0,1,0,1,0
Sentence 193,1,0,0,0,1,0
Sentence 194,0,0,0,0,0,1
Sentence 195,0,0,0,1,0,0
Sentence 196,1,0,1,0,0,0
Sentence 197,1,0,1,0,1,0
Sentence 198,1,1,0,0,0,0
Sentence 199,1,0,0,1,0,0
Sentence 200,1,1,0,0,0,1
Sentence 201,0,0,0,0,0,1
Sentence 202,0,0,0,0,1,0
Sentence 203,1,0,1,0,0,0
Sentence 204,1,0,0,0,0,0
Sentence 205,0,0,0,0,1,0
Sentence 206,0,0,1,0,0,0
Sentence 207,1,0,0,0,0,1
Sentence 208,0,0,0,1,0,0
Sentence 209,0,1,0,0,0,1
Sentence 210,0,0,0,0,0,0
Sentence 211,1,0,0,0,0,0
Sentence 212,1,1,0,0,0,0
Sentence 213,0,0,0,0,0,0
Sentence 214,1,0,0,0,1,0
Sentence 215,0,1,0,0,1,1
Sentence 216,0,0,0,0,0,0
Sentence 217,1,1,0,1,0,1
Sentence 218,1,1,0,0,0,0
Sentence 219,1,0,0,1,0,1
Sentence 220,1,0,0,0,1,0
Sentence 221,0,0,0,0,0,1
Sentence 222,0,0,0,0,0,0
Sentence 223,0,0,0,0,0,1
Sentence 224,0,1,0,0,0,1
Sentence 225,0,0,1,0,0,0
Sentence 226,1,0,0,1,0,0
Sentence 227,0,1,0,1,1,0
Sentence 228,1,1,0,0,1,1
Sentence 229,1,0,0,0,0,0
Sentence 230,1,0,0,0,0,0
Sentence 231,0,0,0,0,1,0
Sentence 232,0,0,0,0,0,0
Sentence 233,0,0,0,1,0,1
Sentence 234,0,0,0,0,0,0
Sentence 235,1,1,0,0,1,0
Sentence 236,0,0,0,0,0,1
Sentence 237,0,0,1,0,0,0
Sentence 238,1,0,0,0,1,0
Sentence 239,0,0,0,0,1,0
Sentence 240,1,1,0,0,1,0
Sentence 241,1,1,0,0,0,0
Sentence 242,1,1,0,0,0,1
Sentence 243,0,0,0,1,0,0
Sentence 244,0,0,0,0,1,0
Sentence 245,1,0,0,0,0,0
Sentence 246,0,0,0,0,0,0
Sentence 247,1,0,0,0,1,1
Sentence 248,1,1,1,0,0,0
Sentence 249,1,0,0,1,0,0
Sentence 250,0,0,0,0,0,0
Sentence 251,0,0,0,0,0,0
Sentence 252,1,0,0,0,0,0
Sentence 253,0,0,0,0,0,0
Sentence 254,0,1,0,1,0,0
Sentence 255,0,1,0,1,0,1
Sentence 256,1,1,0,0,0,0
Sentence 257,1,0,0,0,0,1
Sentence 258,0,0,0,0,1,1
Sentence 259,0,0,1,1,0,0
Sentence 260,1,0,0,0,0,0
Sentence 261,1,1,0,1,1,0
Sentence 262,0,0,0,0,0,0
Sentence 263,0,0,0,0,1,1
Sentence 264,1,0,0,0,1,0
Sentence 265,1,0,0,1,0,0
Sentence 266,1,1,0,1,1,0
Sentence 267,1,0,0,0,0,0
Sentence 268,0,0,0,0,0,0
Sentence 269,0,0,0,0,0,1
Sentence 270,1,0,0,0,0,0
Sentence 271,1,1,0,0,1,1
Sentence 272,1,1,0,0,0,0
Sentence 273,1,1,0,1,0,0
Sentence 274,0,1,0,0,0,0
Sentence 275,0,0,0,1,0,0
Sentence 276,1,1,0,0,0,0
Sentence 277,1,0,0,0,0,1
Sentence 278,1,0,0,0,1,1
Sentence 279,1,1,0,0,0,0
Sentence 280,1,0,0,0,1,0
Sentence 281,0,1,0,0,0,0
Sentence 282,0,0,1,0,1,1
Sentence 283,0,0,1,0,0,0
Sentence 284,0,1,0,0,0,1
Sentence 285,0,1,0,0,0,0
Sentence 286,0,0,0,1,1,0
Sentence 287,0,0,0,1,0,1
Sentence 288,0,0,1,0,1,0
Sentence 289,0,0,0,0,0,0
Sentence 290,0,0,0,0,0,0
Sentence 291,0,1,1,1,0,0
Sentence 292,1,0,0,0,1,0
Sentence 293,0,1,0,0,0,0
Sentence 294,0,0,1,0,1,1
Sentence 295,0,0,0,0,1,0
Sentence 296,1,1,0,0,0,1
Sentence 297,0,0,0,0,0,0
Sentence 298,1,0,0,0,0,0
Sentence 299,0,0,0,0,0,0
Sentence 300,0,1,0,0,1,0
Sentence 301,0,1,1,0,0,0
Sentence 302,0,0,0,1,0,1
Sentence 303,1,0,0,0,1,0
Sentence 304,1,0,0,1,0,0
Sentence 305,1,1,0,0,0,0
Sentence 306,0,1,0,0,0,1
Sentence 307,0,0,0,1,0,1
Sentence 308,1,0,0,0,0,0
Sentence 309,0,0,0,1,1,0
Sentence 310,0,1,0,0,0,0
Sentence 311,0,1,0,1,0,0
Sentence 312,0,0,0,0,0,0
Sentence 313,1,0,0,0,0,0
Sentence 314,1,0,0,0,0,0
Sentence 315,1,1,0,1,1,0
Sentence 316,0,0,0,1,0,0
Sentence 317,0,1,0,1,0,1
Sentence 318,0,0,0,1,0,1
Sentence 319,0,0,0,0,0,0
Sentence 320,0,0,0,0,0,0
Sentence 321,1,0,0,0,0,0
Sentence 322,1,0,0,0,0,0
Sentence 323,0,1,0,0,0,1
Sentence 324,1,0,0,0,0,0
Sentence 325,1,0,0,0,0,1
Sentence 326,0,0,0,0,1,1
Sentence 327,1,1,0,0,0,0
Sentence 328,0,1,0,0,0,0
Sentence 329,0,0,0,0,0,0
Sentence 330,0,1,0,0,0,0
Sentence 331,1,0,0,0,0,0
Sentence 332,0,0,0,0,0,0
Sentence 333,0,1,0,0,0,1
Sentence 334,0,1,1,0,0,0
Sentence 335,0,1,0,0,0,0
Sentence 336,1,0,1,0,0,0
Sentence 337,1,0,0,0,0,0
Sentence 338,0,1,0,0,0,0
Sentence 339,0,0,0,0,0,1
Sentence 340,0,0,1,1,0,0
Sentence 341,0,0,0,1,0,0
Sentence 342,0,0,0,0,0,0
Sentence 343,0,0,0,0,1,0
Sentence 344,0,1,0,0,0,1
Sentence 345,1,0,0,0,0,0
Sentence 346,1,0,0,1,0,1
Sentence 347,0,0,0,0,1,0
Sentence 348,0,1,0,0,0,0
Sentence 349,1,0,0,0,0,0
Sentence 350,0,0,0,1,0,0
Sentence 351,1,1,0,0,0,0
Sentence 352,1,1,1,0,0,1
Sentence 353,0,1,0,0,0,0
Sentence 354,0,1,0,0,1,0
Sentence 355,1,0,0,0,1,0
Sentence 356,0,1,0,0,0,0
Sentence 357,0,0,0,1,0,0
Sentence 358,1,1,0,1,1,0
Sentence 359,0,1,0,1,0,0
Sentence 360,0,1,0,0,0,0
Sentence 361,1,1,0,1,0,0
Sentence 362,0,0,0,0,0,0
Sentence 363,0,0,0,0,0,0
Sentence 364,1,1,1,0,0,0
Sentence 365,0,1,0,0,0,1
Sentence 366,1,0,0,0,0,0
Sentence 367,1,0,0,0,0,0
Sentence 368,0,0,0,0,0,0
Sentence 369,0,1,0,1,1,0
Sentence 370,0,1,0,0,0,1
Sentence 371,0,0,0,0,0,0
Sentence 372,0,0,0,0,1,1
Sentence 373,1,1,0,0,1,1
Sentence 374,0,1,0,0,0,0
Sentence 375,0,0,0,0,0,0
Sentence 376,1,0,0,0,0,0
Sentence 377,0,0,0,0,1,0
Sentence 378,1,0,0,0,1,0
Sentence 379,0,0,0,1,1,0
Sentence 380,0,1,0,0,0,0
Sentence 381,1,1,0,0,0,0
Sentence 382,1,0,0,1,0,0
Sentence 383,1,1,0,0,0,1
Sentence 384,1,0,0,0,0,0
Sentence 385,1,0,1,1,0,1
Sentence 386,0,0,0,0,0,0
Sentence 387,0,0,0,0,0,0
Sentence 388,1,1,0,0,0,0
Sentence 389,1,1,0,0,0,0
Sentence 390,1,0,0,0,0,0
Sentence 391,0,0,1,0,0,0
Sentence 392,0,1,1,0,1,1
Sentence 393,1,0,0,0,0,0
Sentence 394,0,0,1,0,1,0
Sentence 395,1,1,1,0,0,1
Sentence 396,1,0,0,0,0,1
Sentence 397,0,0,0,0,0,0
Sentence 398,1,0,0,0,0,0
Sentence 399,1,1,0,1,1,1
Sentence 400,0,0,0,0,0,0
Sentence 401,1,0,0,0,1,0
Sentence 402,0,1,1,0,0,0
Sentence 403,1,0,0,0,1,1
Sentence 404,0,1,0,1,0,0
Sentence 405,1,0,0,0,1,1
Sentence 406,0,1,1,1,0,0
Sentence 407,0,0,1,0,0,1
Sentence 408,1,0,0,0,0,0
Sentence 409,0,0,0,0,1,0
Sentence 410,0,0,0,1,0,1
Sentence 411,1,1,0,0,0,0
Sentence 412,1,1,0,0,1,0
Sentence 413,0,0,0,0,0,0
Sentence 414,1,0,0,0,0,0
Sentence 415,0,1,0,1,0,0
Sentence 416,0,1,0,0,0,0
Sentence 417,0,0,0,0,1,0
Sentence 418,1,0,0,0,1,0
Sentence 419,1,0,0,0,0,0
Sentence 420,1,1,0,1,1,0
Sentence 421,1,0,0,0,0,1
Sentence 422,0,0,0,0,0,0
Sentence 423,0,0,0,1,0,0
Sentence 424,0,1,0,0,0,1
Sentence 425,0,0,0,0,0,0
Sentence 426,0,0,0,0,1,1
Sentence 427,1,0,0,0,1,1
Sentence 428,0,0,1,0,0,1
Sentence 429,0,0,0,1,0,0
Sentence 430,0,0,0,0,0,1
Sentence 431,1,0,1,0,1,1
Sentence 432,1,0,0,1,1,0
Sentence 433,0,0,0,0,0,0
Sentence 434,0,1,0,0,1,0
Sentence 435,1,1,0,0,0,0
Sentence 436,0,0,0,1,0,0
Sentence 437,1,1,0,0,0,0
Sentence 438,1,0,1,0,0,0
Sentence 439,0,0,1,1,0,0
Sentence 440,0,0,0,0,0,0
Sentence 441,1,0,0,0,0,0
Sentence 442,0,1,0,1,0,1
Sentence 443,0,1,1,0,0,0
Sentence 444,1,1,1,0,0,0
Sentence 445,1,0,0,1,0,0
Sentence 446,1,0,0,0,1,0
Sentence 447,1,0,0,0,0,1
Sentence 448,0,0,0,1,0,1
Sentence 449,0,0,0,1,0,0
Sentence 450,1,0,0,0,1,1
Sentence 451,0,0,0,0,1,0
Sentence 452,0,0,0,0,0,0
Sentence 453,1,1,0,0,0,0
Sentence 454,0,1,1,0,1,1
Sentence 455,0,1,0,0,0,0
Sentence 456,0,0,0,0,0,0
Sentence 457,0,0,0,0,0,1
Sentence 458,0,0,0,0,0,0
Sentence 459,0,1,0,0,0,0
Sentence 460,0,0,0,0,0,1
Sentence 461,1,0,0,0,0,0
Sentence 462,1,1,0,0,1,0
Sentence 463,0,0,0,0,0,0
Sentence 464,1,0,0,0,1,0
Sentence 465,0,0,0,0,0,0
Sentence 466,0,0,0,1,0,0
Sentence 467,1,0,0,0,0,0
Sentence 468,0,0,0,1,1,0
Sentence 469,1,0,0,0,1,1
Sentence 470,0,0,0,0,0,1
Sentence 471,1,1,0,1,1,0
Sentence 472,0,0,0,0,0,0
Sentence 473,1,0,0,0,1,1
Sentence 474,0,0,0,0,0,0
Sentence 475,1,1,0,0,1,0
Sentence 476,0,0,1,0,0,1
Sentence 477,0,0,0,0,0,1
Sentence 478,1,1,0,0,0,1
Sentence 479,0,1,0,0,0,1
Sentence 480,1,0,0,1,0,0
Sentence 481,1,1,0,0,0,0
Sentence 482,0,0,0,0,0,0
Sentence 483,1,0,1,1,0,0
Sentence 484,0,0,0,0,0,0
Sentence 485,1,0,0,0,0,1
Sentence 486,0,1,0,0,1,1
Sentence 487,0,0,0,0,0,0
Sentence 488,1,0,0,0,0,1
Sentence 489,1,1,0,0,0,1
Sentence 490,0,1,0,1,0,0
Sentence 491,1,0,0,0,0,0
Sentence 492,0,0,1,0,0,0
Sentence 493,0,0,1,0,0,0
Sentence 494,0,1,0,0,1,0
Sentence 495,0,1,0,1,0,0
Sentence 496,0,1,1,0,0,0
Sentence 497,0,0,1,0,0,0
Sentence 498,1,0,0,1,0,1
Sentence 499,1,0,0,0,1,0
Sentence 500,1,0,0,0,0,1
Sentence 501,0,0,0,0,0,0
Sentence 502,0,1,1,1,0,0
Sentence 503,1,0,0,0,0,1
Sentence 504,1,0,1,1,0,0
Sentence 505,0,1,0,0,1,0
Sentence 506,1,0,1,0,1,1
Sentence 507,1,1,0,1,1,0
Sentence 508,1,0,0,0,1,0
Sentence 509,1,0,0,0,0,0
Sentence 510,1,0,0,0,0,1
Sentence 511,0,0,0,0,1,0
Sentence 512,1,1,1,0,1,0
Sentence 513,1,0,0,0,1,0
Sentence 514,0,0,1,0,0,0
Sentence 515,0,0,1,0,0,1
Sentence 516,0,0,0,0,1,0
Sentence 517,1,1,0,0,0,0
Sentence 518,1,0,0,0,1,0
Sentence 519,0,1,0,1,0,1
Sentence 520,0,1,0,0,0,0
Sentence 521,0,0,0,0,0,1
Sentence 522,1,1,0,1,1,1
Sentence 523,1,0,0,0,0,0
Sentence 524,1,0,0,1,0,0
Sentence 525,0,0,0,0,1,0
Sentence 526,0,1,1,0,0,1
Sentence 527,0,1,0,0,1,0
Sentence 528,0,0,1,0,0,0
Sentence 529,1,1,0,0,1,1
Sentence 530,1,0,0,0,0,0
Sentence 531,1,0,0,0,1,0
Sentence 532,1,0,0,0,1,0
Sentence 533,0,1,0,0,0,0
Sentence 534,1,0,0,0,0,1
Sentence 535,1,0,0,0,0,0
Sentence 536,1,0,0,0,0,0
Sentence 537,0,0,0,1,1,1
Sentence 538,0,0,0,0,0,0
Sentence 539,0,0,0,1,0,1
Sentence 540,1,1,0,0,0,1
Sentence 541,1,0,0,0,1,0
Sentence 542,0,0,0,0,1,0
Sentence 543,1,0,0,0,0,1
Sentence 544,1,1,1,0,0,0
Sentence 545,0,1,0,0,0,0
Sentence 546,0,0,0,0,0,1
Sentence 547,1,1,0,0,0,0
Sentence 548,0,0,0,0,0,1
Sentence 549,1,0,0,0,0,0
Sentence 550,0,0,0,0,0,0
Sentence 551,1,0,0,1,0,0
Sentence 552,0,0,0,0,0,1
Sentence 553,0,1,0,0,0,0
Sentence 554,1,1,0,0,1,1
Sentence 555,0,1,0,0,0,0
Sentence 556,0,0,0,0,0,0
Sentence 557,0,0,0,0,0,0
Sentence 558,1,1,0,0,1,0
Sentence 559,1,0,0,0,1,0
Sentence 560,1,0,0,1,0,0
Sentence 561,0,0,0,1,0,0
Sentence 562,0,1,0,0,0,1
Sentence 563,0,0,0,0,0,0
Sentence 564,0,0,0,0,0,1
Sentence 565,0,1,0,0,0,0
Sentence 566,0,0,0,0,0,0
Sentence 567,0,0,0,0,0,0
Sentence 568,1,0,0,1,0,0
Sentence 569,0,0,1,0,0,0
Sentence 570,0,1,0,0,0,0
Sentence 571,1,0,0,0,0,0
Sentence 572,0,0,0,0,0,1
Sentence 573,1,1,1,0,1,0
Sentence 574,1,1,1,1,0,1
Sentence 575,1,1,0,0,0,0
Sentence 576,0,0,0,0,1,0
Sentence 577,1,0,0,0,0,0
Sentence 578,0,1,0,0,0,0
Sentence 579,0,1,0,0,0,0
Sentence 580,0,0,0,0,1,0
Sentence 581,1,0,0,0,1,0
Sentence 582,0,0,0,1,0,0
Sentence 583,0,1,1,0,0,0
Sentence 584,1,0,0,0,0,0
Sentence 585,0,0,0,0,0,0
Sentence 586,0,0,0,0,0,1
Sentence 587,0,1,0,0,0,1
Sentence 588,0,1,0,0,0,0
Sentence 589,0,0,0,0,1,1
Sentence 590,0,1,1,0,0,1
Sentence 591,1,1,0,0,0,0
Sentence 592,0,0,0,1,0,0
Sentence 593,0,0,0,0,1,1
Sentence 594,1,0,0,0,0,0
Sentence 595,0,1,0,0,0,1
Sentence 596,1,0,0,1,0,0
Sentence 597,0,0,0,0,0,0
Sentence 598,0,1,0,0,1,0
Sentence 599,0,0,0,0,0,0
Sentence 600,0,1,0,0,0,1
Sentence 601,0,0,0,0,0,1
Sentence 602,0,0,0,0,0,0
Sentence 603,0,1,0,0,1,0
Sentence 604,0,1,0,0,0,1
Sentence 605,0,0,0,0,0,0
Sentence 606,0,1,0,0,0,0
Sentence 607,0,1,0,0,0,0
Sentence 608,0,0,1,0,1,1
Sentence 609,1,1,1,1,0,1
Sentence 610,0,0,0,1,1,0
Sentence 611,1,0,0,1,1,0
Sentence 612,1,0,0,0,0,1
Sentence 613,0,1,0,0,0,0
Sentence 614,1,1,0,0,0,0
Sentence 615,1,0,0,0,0,0
Sentence 616,0,0,0,0,0,1
Sentence 617,0,0,0,0,0,0
Sentence 618,1,0,0,0,0,0
Sentence 619,1,1,0,0,0,0
Sentence 620,0,1,0,0,0,0
Sentence 621,0,0,0,1,0,0
Sentence 622,0,1,0,0,0,0
Sentence 623,0,0,1,0,0,0
Sentence 624,1,1,0,1,1,0
Sentence 625,0,1,0,0,0,0
Sentence 626,0,0,0,0,1,0
Sentence 627,1,0,1,0,0,1
Sentence 628,0,1,0,0,0,1
Sentence 629,0,0,0,1,0,0
Sentence 630,1,0,0,0,0,1
Sentence 631,1,0,0,0,0,0
Sentence 632,0,0,0,0,0,1
Sentence 633,0,0,0,0,0,0
Sentence 634,0,1,0,1,0,0
Sentence 635,0,1,0,0,0,0
Sentence 636,0,0,1,0,1,0
Sentence 637,0,1,0,0,0,1
Sentence 638,0,0,0,0,0,0
Sentence 639,0,1,0,1,0,0
Sentence 640,0,1,0,0,1,0
Sentence 641,0,0,1,0,1,1
Sentence 642,0,1,0,0,0,0
Sentence 643,0,0,0,0,1,0
Sentence 644,0,0,0,0,0,1
Sentence 645,1,1,0,1,0,0
Sentence 646,0,0,0,0,1,0
Sentence 647,1,0,0,1,1,1
Sentence 648,1,0,0,0,0,0
Sentence 649,0,1,1,0,1,0
Sentence 650,0,0,0,0,0,0
Sentence 651,0,0,0,0,1,1
Sentence 652,0,1,0,1,0,0
Sentence 653,1,1,0,0,0,1
Sentence 654,0,0,0,0,0,1
Sentence 655,0,0,0,0,0,0
Sentence 656,0,0,0,0,0,1
Sentence 657,0,0,0,0,0,0
Sentence 658,1,0,0,0,0,0
Sentence 659,0,1,1,0,0,1
Sentence 660,0,1,0,0,0,1
Sentence 661,1,0,0,0,0,0
Sentence 662,1,0,0,0,0,0
Sentence 663,0,1,0,0,0,0
Sentence 664,0,0,0,0,1,0
Sentence 665,0,1,0,1,1,0
Sentence 666,0,0,0,0,0,0
Sentence 667,0,0,0,0,0,0
Sentence 668,0,1,0,0,0,0
Sentence 669,0,0,0,0,0,0
Sentence 670,0,1,0,0,0,1
Sentence 671,1,0,0,0,1,1
Sentence 672,0,0,0,0,0,0
Sentence 673,0,1,0,0,0,0
Sentence 674,0,0,0,0,0,0
Sentence 675,1,1,0,1,1,0
Sentence 676,0,0,0,1,0,0
Sentence 677,0,0,0,0,0,1
Sentence 678,1,1,0,0,0,0
Sentence 679,1,0,0,1,0,0
Sentence 680,1,0,0,0,0,0
Sentence 681,0,0,0,1,0,0
Sentence 682,0,0,0,0,1,0
Sentence 683,1,0,0,1,0,1
Sentence 684,1,1,0,0,0,0
Sentence 685,0,1,0,1,0,0
Sentence 686,0,1,1,0,0,0
Sentence 687,0,1,0,0,0,1
Sentence 688,1,1,0,1,0,0
Sentence 689,0,1,0,0,0,0
Sentence 690,0,0,0,0,1,1
Sentence 691,0,1,0,0,0,0
Sentence 692,0,1,0,0,0,0
Sentence 693,0,0,0,1,1,0
Sentence 694,0,0,0,0,0,0
Sentence 695,1,0,0,0,0,0
Sentence 696,0,0,1,0,0,0
Sentence 697,0,1,0,0,0,0
Sentence 698,0,0,1,0,1,0
Sentence 699,0,0,0,0,0,0
Sentence 700,0,1,0,0,0,0
Sentence 701,0,0,0,1,0,0
Sentence 702,0,0,0,0,0,1
Sentence 703,0,0,0,0,0,0
Sentence 704,0,1,1,1,0,0
Sentence 705,1,1,1,0,1,0
Sentence 706,0,0,0,1,1,0
Sentence 707,1,1,0,0,0,0
Sentence 708,0,0,0,1,0,0
Sentence 709,1,1,1,0,1,0
Sentence 710,1,1,0,1,0,0
Sentence 711,0,1,0,0,0,1
Sentence 712,0,0,0,0,0,0
Sentence 713,0,1,0,0,1,0
Sentence 714,0,1,1,0,1,0
Sentence 715,1,0,0,0,0,0
Sentence 716,1,1,0,0,0,0
Sentence 717,1,0,0,0,0,0
Sentence 718,0,1,0,0,0,0
Sentence 719,1,0,0,0,0,1
Sentence 720,1,1,0,0,1,1
Sentence 721,0,0,0,0,0,0
Sentence 722,0,0,1,0,1,0
Sentence 723,1,0,0,0,0,1
Sentence 724,0,0,0,0,0,0
Sentence 725,1,0,1,0,0,0
Sentence 726,0,0,0,0,0,0
Sentence 727,1,0,0,1,0,0
Sentence 728,0,0,0,0,1,0
Sentence 729,0,0,0,0,1,0
Sentence 730,0,1,0,0,0,0
Sentence 731,1,0,1,0,0,0
Sentence 732,1,1,0,0,1,1
Sentence 733,0,1,0,0,0,0
Sentence 734,0,1,0,0,0,0
Sentence 735,1,0,0,0,0,0
Sentence 736,0,1,0,0,1,1
Sentence 737,1,0,0,0,0,1
Sentence 738,0,0,0,0,0,0
Sentence 739,0,0,0,0,1,0
Sentence 740,0,1,1,1,0,1
Sentence 741,0,0,0,0,0,0
Sentence 742,1,0,0,0,0,0
Sentence 743,0,1,0,1,1,0
Sentence 744,0,1,0,0,0,0
Sentence 745,1,0,0,0,1,0
Sentence 746,0,0,0,0,0,0
Sentence 747,0,1,0,1,0,0
Sentence 748,1,0,0,0,1,1
Sentence 749,1,0,1,0,0,1
Sentence 750,0,0,1,0,0,1
Sentence 751,1,1,1,1,0,1
Sentence 752,1,1,0,0,0,0
Sentence 753,0,1,0,0,0,0
Sentence 754,0,1,0,1,0,0
Sentence 755,1,0,0,0,0,1
Sentence 756,1,0,0,0,1,0
Sentence 757,0,0,0,0,0,1
Sentence 758,1,0,0,0,1,0
Sentence 759,1,0,0,1,0,1
Sentence 760,0,1,0,0,0,0
Sentence 761,0,0,0,1,0,0
Sentence 762,0,1,0,0,0,1
Sentence 763,1,0,0,0,0,0
Sentence 764,0,0,0,1,1,1
Sentence 765,0,0,0,0,1,0
Sentence 766,1,0,0,0,1,0
Sentence 767,1,1,0,0,0,0
Sentence 768,0,0,0,1,1,0
Sentence 769,1,0,0,0,0,0
Sentence 770,0,0,0,0,0,0
Sentence 771,1,0,1,0,1,0
Sentence 772,0,0,0,0,0,0
Sentence 773,0,1,0,0,0,0
Sentence 774,1,1,0,0,0,0
Sentence 775,0,0,1,0,0,1
Sentence 776,0,1,0,0,0,0
Sentence 777,1,0,0,0,0,0
Sentence 778,1,0,0,1,1,0
Sentence 779,1,0,1,0,0,0
Sentence 780,1,0,0,1,0,0
Sentence 781,0,0,0,0,0,1
Sentence 782,0,0,0,0,0,1
Sentence 783,0,0,0,1,0,0
Sentence 784,0,0,0,0,0,0
Sentence 785,1,0,0,0,1,1
Sentence 786,0,1,0,1,1,0
Sentence 787,0,0,0,0,1,0
Sentence 788,0,0,0,0,1,0
Sentence 789,1,0,1,0,0,0
Sentence 790,0,0,0,0,1,1
Sentence 791,0,0,0,0,0,0
Sentence 792,0,0,0,0,0,0
Sentence 793,1,0,0,0,0,0
Sentence 794,0,0,0,0,0,1
Sentence 795,1,0,0,0,0,1
Sentence 796,1,0,0,0,1,0
Sentence 797,0,0,0,0,0,0
Sentence 798,1,0,0,0,0,0
Sentence 799,1,0,0,0,0,1
Sentence 800,1,1,0,0,0,1
Sentence 801,0,0,1,0,0,0
Sentence 802,0,0,0,0,0,1
Sentence 803,1,0,1,1,0,0
Sentence 804,0,1,0,0,0,0
Sentence 805,1,0,1,0,1,0
Sentence 806,1,0,0,0,0,0
Sentence 807,1,0,0,0,0,0
Sentence 808,0,0,0,1,0,0
Sentence 809,0,0,0,1,0,0
Sentence 810,1,0,0,0,1,0
Sentence 811,1,1,0,0,0,0
Sentence 812,0,0,0,1,0,0
Sentence 813,1,1,0,1,1,0
Sentence 814,1,1,0,0,0,0
Sentence 815,0,0,0,0,0,0
Sentence 816,0,0,0,0,0,1
Sentence 817,0,0,0,1,1,1
Sentence 818,0,0,0,0,1,1
Sentence 819,0,0,0,0,0,0
Sentence 820,1,1,0,0,0,0
Sentence 821,0,1,0,0,0,0
Sentence 822,0,0,0,0,1,0
Sentence 823,0,0,0,1,1,0
Sentence 824,0,1,0,0,0,0
Sentence 825,1,1,0,0,1,1
Sentence 826,0,1,0,0,0,0
Sentence 827,0,0,0,0,0,1
Sentence 828,1,0,0,0,0,1
Sentence 829,0,0,0,0,0,0
Sentence 830,0,0,0,0,1,1
Sentence 831,0,0,0,0,0,0
Sentence 832,0,0,0,0,0,1
Sentence 833,0,1,0,0,1,0
Sentence 834,0,0,0,1,1,1
Sentence 835,0,0,0,1,0,0
Sentence 836,1,0,1,0,0,1
Sentence 837,0,0,0,0,0,0
Sentence 838,0,0,1,1,0,0
Sentence 839,1,0,0,0,1,1
Sentence 840,0,1,0,1,1,1
Sentence 841,1,0,0,1,0,0
Sentence 842,0,0,0,0,0,0
Sentence 843,1,0,0,0,0,0
Sentence 844,0,1,0,1,1,1
Sentence 845,0,1,0,0,0,1
Sentence 846,0,1,1,0,0,1
Sentence 847,1,0,0,0,0,0
Sentence 848,0,0,0,0,0,0
Sentence 849,0,0,0,0,0,0
Sentence 850,0,0,0,0,0,1
Sentence 851,1,1,0,1,1,0
Sentence 852,0,0,0,0,1,1
Sentence 853,1,1,1,0,1,0
Sentence 854,0,1,0,0,0,0
Sentence 855,0,0,0,0,0,0
Sentence 856,0,1,0,0,0,0
Sentence 857,0,0,0,1,0,0
Sentence 858,0,0,0,1,1,0
Sentence 859,0,0,0,0,0,0
Sentence 860,1,0,0,0,0,1
Sentence 861,0,0,0,0,1,0
Sentence 862,0,0,0,0,1,0
Sentence 863,0,0,0,0,0,0
Sentence 864,0,0,0,0,0,0
Sentence 865,0,0,0,1,0,1
Sentence 866,0,0,0,0,0,0
Sentence 867,0,0,0,0,0,1
Sentence 868,1,0,0,0,0,0
Sentence 869,1,1,0,0,1,0
Sentence 870,0,1,0,0,0,0
Sentence 871,0,1,0,0,0,0
Sentence 872,1,1,0,0,0,0
Sentence 873,0,0,0,0,0,1
Sentence 874,0,1,0,0,1,0
Sentence 875,0,0,0,0,0,0
Sentence 876,1,0,0,0,0,0
Sentence 877,1,1,1,0,0,0
Sentence 878,0,0,0,1,1,0
Sentence 879,0,1,0,0,0,0
Sentence 880,0,1,0,0,1,0
Sentence 881,1,1,0,0,0,0
Sentence 882,0,1,1,0,0,0
Sentence 883,0,0,0,0,0,1
Sentence 884,1,0,1,0,1,0
Sentence 885,0,0,1,0,1,0
Sentence 886,1,0,1,0,0,1
Sentence 887,0,0,0,1,0,0
Sentence 888,0,1,0,0,0,0
Sentence 889,0,1,0,1,0,0
Sentence 890,1,0,0,0,0,0
Sentence 891,1,0,0,0,1,0
Sentence 892,1,0,0,1,1,1
Sentence 893,0,0,0,0,0,1
Sentence 894,1,1,0,0,0,1
Sentence 895,0,0,0,0,1,1
Sentence 896,0,0,0,0,1,0
Sentence 897,1,0,0,0,0,0
Sentence 898,0,0,0,0,0,1
Sentence 899,0,0,0,1,0,1
Sentence 900,0,0,0,0,0,0
Sentence 901,0,0,0,1,0,1
Sentence 902,0,0,1,1,0,0
Sentence 903,0,0,0,0,0,0
Sentence 904,0,1,0,0,0,0
Sentence 905,1,0,0,1,0,0
Sentence 906,1,0,0,1,0,0
Sentence 907,0,0,0,0,1,0
Sentence 908,0,1,0,0,1,0
Sentence 909,0,0,0,0,0,0
Sentence 910,0,1,0,0,0,0
Sentence 911,0,0,0,0,1,1
Sentence 912,1,0,0,0,0,0
Sentence 913,0,0,1,0,0,0
Sentence 914,0,0,1,0,0,0
Sentence 915,0,1,0,0,0,0
Sentence 916,0,0,0,0,0,1
Sentence 917,1,0,0,0,1,0
Sentence 918,1,0,0,0,0,1
Sentence 919,0,0,0,0,0,0
Sentence 920,1,0,1,0,1,0
Sentence 921,0,0,0,0,0,0
Sentence 922,1,1,0,1,0,0
Sentence 923,1,0,0,0,0,0
Sentence 924,0,0,1,0,0,0
Sentence 925,0,1,0,0,0,0
Sentence 926,0,0,0,1,0,0
Sentence 927,0,1,0,0,0,1
Sentence 928,1,0,0,0,0,0
Sentence 929,0,1,0,0,0,0
Sentence 930,0,0,1,0,0,0
Sentence 931,1,1,0,0,0,0
Sentence 932,1,1,0,0,0,0
Sentence 933,0,0,0,0,0,1
Sentence 934,0,1,0,0,1,1
Sentence 935,0,0,0,0,0,0
Sentence 936,0,0,0,0,0,0
Sentence 937,1,0,0,1,1,0
Sentence 938,0,0,0,0,0,0
Sentence 939,0,0,0,1,0,0
Sentence 940,0,0,0,0,1,0
Sentence 941,0,0,1,0,1,0
Sentence 942,1,1,0,0,0,0
Sentence 943,1,1,0,1,0,0
Sentence 944,0,0,0,0,0,0
Sentence 945,0,0,0,0,1,0
Sentence 946,0,0,0,0,0,0
Sentence 947,1,0,0,0,0,1
Sentence 948,1,0,0,0,1,0
Sentence 949,0,0,0,0,0,1
Sentence 950,1,0,0,0,1,0
Sentence 951,1,1,0,0,0,0
Sentence 952,0,0,1,0,0,0
Sentence 953,1,0,0,0,0,0
Sentence 954,0,0,0,0,1,1
Sentence 955,0,0,1,0,0,0
Sentence 956,0,0,1,0,0,0
Sentence 957,0,0,0,0,0,0
Sentence 958,0,0,0,1,0,1
Sentence 959,1,0,0,1,1,0
Sentence 960,0,1,0,1,0,1
Sentence 961,1,1,0,0,0,1
Sentence 962,0,0,0,0,1,0
Sentence 963,0,0,0,0,0,1
Sentence 964,0,0,0,0,0,1
Sentence 965,0,0,0,0,0,0
Sentence 966,1,0,0,0,1,0
Sentence 967,0,0,0,1,0,0
Sentence 968,0,0,0,1,0,0
Sentence 969,0,0,0,0,0,0
Sentence 970,1,0,1,0,0,0
Sentence 971,1,1,0,0,0,0
Sentence 972,1,1,0,0,0,0
Sentence 973,0,1,0,0,0,0
Sentence 974,0,0,0,0,0,1
Sentence 975,0,1,1,0,0,1
Sentence 976,0,0,0,0,0,0
Sentence 977,0,1,0,0,1,0
Sentence 978,0,0,0,0,1,0
Sentence 979,0,1,0,0,0,1
Sentence 980,0,0,0,1,0,0
Sentence 981,1,1,0,0,0,0
Sentence 982,0,1,0,0,1,1
Sentence 983,0,0,0,0,1,1
Sentence 984,1,0,0,0,1,1
Sentence 985,0,1,1,1,0,1
Sentence 986,1,0,0,0,0,0
Sentence 987,0,1,0,0,0,0
Sentence 988,0,0,0,0,0,0
Sentence 989,1,0,1,1,0,0
Sentence 990,1,0,0,0,1,1
Sentence 991,1,0,0,0,0,0
Sentence 992,0,1,0,0,0,0
Sentence 993,0,0,0,0,0,1
Sentence 994,0,0,0,0,1,0
Sentence 995,0,0,0,0,0,1
Sentence 996,1,0,0,0,0,1
Sentence 997,0,1,0,1,1,0
Sentence 998,1,1,0,0,0,0
Sentence 999,0,0,0,0,0,0
Sentence 1000,0,1,0,0,0,0
Sentence 1001,0,1,0,0,0,0
Sentence 1002,1,0,0,0,1,0
Sentence 1003,1,1,0,0,1,1
Sentence 1004,1,0,0,0,0,0
Sentence 1005,1,0,0,0,0,1
Sentence 1006,1,1,0,0,0,0
Sentence 1007,1,0,0,0,0,0
Sentence 1008,0,1,0,0,0,1
Sentence 1009,0,1,0,0,0,0
Sentence 1010,0,0,0,0,0,0
Sentence 1011,1,1,0,1,1,0
Sentence 1012,1,0,0,1,0,1
Sentence 1013,0,0,0,0,0,0
Sentence 1014,1,0,0,0,0,0
Sentence 1015,1,1,0,0,1,0
Sentence 1016,0,0,1,1,0,1
Sentence 1017,0,0,1,0,0,1
Sentence 1018,1,1,0,0,0,0
Sentence 1019,0,1,0,0,0,1
Sentence 1020,1,1,0,1,0,0
Sentence 1021,0,0,0,0,1,0
Sentence 1022,1,0,0,0,1,0
Sentence 1023,1,0,0,0,1,0
Sentence 1024,1,1,0,0,0,0
Sentence 1025,0,0,0,0,0,0
Sentence 1026,1,0,0,0,0,0
Sentence 1027,1,1,0,0,1,1
Sentence 1028,0,0,0,0,0,0
Sentence 1029,1,1,0,0,0,0
Sentence 1030,0,1,0,0,0,1
Sentence 1031,0,1,0,0,0,0
Sentence 1032,0,0,0,0,0,0
Sentence 1033,0,0,1,0,0,1
Sentence 1034,0,1,0,0,0,0
Sentence 1035,1,1,1,0,1,0
Sentence 1036,0,1,1,0,0,0
Sentence 1037,1,0,0,1,0,1
Sentence 1038,0,1,0,0,0,0
Sentence 1039,0,1,0,0,0,1
Sentence 1040,0,1,1,0,1,0
Sentence 1041,1,1,0,0,0,0
Sentence 1042,0,1,0,1,0,1
Sentence 1043,1,0,0,1,0,0
Sentence 1044,1,0,0,0,1,0
Sentence 1045,1,0,0,0,0,0
Sentence 1046,0,0,0,0,0,1
Sentence 1047,0,0,0,0,0,0
Sentence 1048,1,0,1,0,0,0
Sentence 1049,0,0,0,0,0,0
Sentence 1050,1,0,1,0,1,1
Sentence 1051,0,0,0,0,0,0
Sentence 1052,1,1,0,1,1,0
Sentence 1053,1,1,0,0,0,0
Sentence 1054,1,0,0,1,0,0
Sentence 1055,0,1,0,0,0,0
Sentence 1056,1,0,0,0,1,0
Sentence 1057,0,0,0,0,0,0
Sentence 1058,0,0,1,0,1,1
Sentence 1059,1,0,1,0,1,1
Sentence 1060,1,1,0,0,1,0
Sentence 1061,1,1,0,1,0,1
Sentence 1062,1,0,0,0,0,0
Sentence 1063,0,0,0,0,1,1
Sentence 1064,0,0,1,1,0,0
Sentence 1065,1,0,0,0,0,0
Sentence 1066,0,0,0,0,0,1
Sentence 1067,0,0,1,0,0,1
Sentence 1068,0,1,0,1,0,0
Sentence 1069,0,1,0,1,0,0
Sentence 1070,0,0,0,1,0,0
Sentence 1071,0,1,0,0,0,0
Sentence 1072,0,0,0,1,0,0
Sentence 1073,0,0,0,0,0,0
Sentence 1074,1,0,0,0,0,1
Sentence 1075,0,0,0,0,0,0
Sentence 1076,0,1,0,0,0,0
Sentence 1077,1,0,0,1,0,0
Sentence 1078,0,0,0,1,0,0
Sentence 1079,1,0,0,0,0,0
Sentence 1080,1,0,0,0,0,0
Sentence 1081,0,1,0,0,1,1
Sentence 1082,0,0,0,1,0,1
Sentence 1083,1,0,0,0,0,0
Sentence 1084,1,0,0,0,0,0
Sentence 1085,0,0,0,0,0,0
Sentence 1086,1,0,0,0,0,1
Sentence 1087,0,1,0,0,0,1
Sentence 1088,1,0,0,1,0,0
Sentence 1089,0,1,0,0,0,0
Sentence 1090,1,1,0,0,0,1
Sentence 1091,1,1,0,0,1,0
Sentence 1092,1,0,0,0,0,0
Sentence 1093,0,0,1,1,0,1
Sentence 1094,0,0,0,0,0,1
Sentence 1095,0,1,0,0,0,0
Sentence 1096,0,0,0,0,1,0
Sentence 1097,0,0,0,0,0,0
Sentence 1098,1,0,0,0,0,0
Sentence 1099,0,0,0,0,1,0
Sentence 1100,0,0,0,0,0,0
Sentence 1101,1,0,0,0,0,1
Sentence 1102,1,1,0,0,1,1
Sentence 1103,1,0,0,0,0,0
Sentence 1104,1,0,0,0,0,0
Sentence 1105,0,0,0,0,0,0
Sentence 1106,0,0,1,1,0,0
Sentence 1107,1,0,0,1,0,0
Sentence 1108,1,1,1,0,1,0
Sentence 1109,0,0,0,0,0,1
Sentence 1110,1,1,0,0,0,0
Sentence 1111,0,0,0,0,1,1
Sentence 1112,0,0,0,1,0,1
Sentence 1113,0,1,0,0,0,0
Sentence 1114,0,0,0,0,0,0
Sentence 1115,0,0,0,1,1,1
Sentence 1116,0,0,1,1,1,1
Sentence 1117,1,0,0,0,0,0
Sentence 1118,0,1,0,0,0,0
Sentence 1119,0,0,0,0,0,0
Sentence 1120,1,1,0,0,1,1
Sentence 1121,1,1,0,1,0,0
Sentence 1122,1,0,0,1,0,0
Sentence 1123,1,1,1,0,1,1
Sentence 1124,1,0,0,0,0,0
Sentence 1125,0,1,0,1,0,0
Sentence 1126,0,0,0,0,0,0
Sentence 1127,0,1,1,0,0,1
Sentence 1128,0,0,0,0,0,0
Sentence 1129,0,0,0,0,1,0
Sentence 1130,1,0,0,0,0,0
Sentence 1131,0,1,0,0,0,0
Sentence 1132,0,0,0,0,0,0
Sentence 1133,0,0,0,0,0,0
Sentence 1134,1,1,0,0,0,0
Sentence 1135,0,1,0,0,0,1
Sentence 1136,1,1,0,0,1,1
Sentence 1137,0,1,0,1,0,0
Sentence 1138,0,1,0,0,0,0
Sentence 1139,0,1,0,0,0,0
Sentence 1140,1,0,0,0,1,1
Sentence 1141,0,0,0,1,0,0
Sentence 1142,1,1,0,0,1,0
Sentence 1143,0,0,0,0,0,0
Sentence 1144,0,0,1,0,1,0
Sentence 1145,1,0,0,0,0,0
Sentence 1146,1,1,0,0,1,0
Sentence 1147,1,0,0,0,0,0
Sentence 1148,1,0,0,0,0,1
Sentence 1149,1,0,0,0,0,0
Sentence 1150,1,0,0,0,1,0
Sentence 1151,1,0,0,0,0,0
Sentence 1152,1,0,0,0,1,0
Sentence 1153,1,0,0,0,1,0
Sentence 1154,1,1,0,0,0,0
Sentence 1155,1,0,0,0,1,0
Sentence 1156,0,1,0,0,0,0
Sentence 1157,1,1,1,1,0,0
Sentence 1158,1,0,1,1,0,0
Sentence 1159,0,1,0,0,0,1
Sentence 1160,1,0,0,0,0,0
Sentence 1161,0,1,0,0,0,0
Sentence 1162,0,0,0,1,0,0
Sentence 1163,1,1,0,0,0,0
Sentence 1164,0,0,0,0,0,0
Sentence 1165,1,0,0,0,0,0
Sentence 1166,1,0,0,0,1,1
Sentence 1167,0,1,0,1,0,0
Sentence 1168,0,1,0,0,0,0
Sentence 1169,0,0,0,0,0,1
Sentence 1170,1,0,0,1,0,1
Sentence 1171,1,0,1,0,1,0
Sentence 1172,1,1,0,0,0,0
Sentence 1173,0,0,0,0,0,0
Sentence 1174,1,1,1,1,0,0
Sentence 1175,0,0,1,0,0,0
Sentence 1176,1,0,0,0,1,0
Sentence 1177,0,0,0,0,1,1
Sentence 1178,1,0,0,0,0,0
Sentence 1179,0,0,0,0,0,0
Sentence 1180,1,0,0,0,0,0
Sentence 1181,0,1,0,0,0,1
Sentence 1182,1,0,0,1,1,0
Sentence 1183,1,0,0,0,1,0
Sentence 1184,0,0,0,0,0,0
Sentence 1185,1,0,0,0,1,0
Sentence 1186,1,0,0,0,0,0
Sentence 1187,0,0,0,1,0,0
Sentence 1188,0,0,0,0,0,0
Sentence 1189,1,0,0,0,0,0
Sentence 1190,0,0,0,0,0,0
Sentence 1191,0,0,1,0,0,0
Sentence 1192,0,0,0,0,0,0
Sentence 1193,1,0,0,0,0,0
Sentence 1194,0,1,0,0,1,0
Sentence 1195,1,0,0,0,0,0
Sentence 1196,1,1,0,0,0,1
Sentence 1197,1,0,0,0,1,0
Sentence 1198,1,1,0,1,1,0
Sentence 1199,0,1,0,0,1,0
Sentence 1200,1,0,0,0,0,1
Sentence 1201,0,1,0,0,0,1
Sentence 1202,0,0,0,0,0,0
Sentence 1203,0,0,1,0,0,0
Sentence 1204,0,1,0,1,1,0
Sentence 1205,1,1,0,0,0,0
Sentence 1206,1,0,0,1,0,1
Sentence 1207,0,0,0,0,0,0
Sentence 1208,0,0,0,0,0,0
Sentence 1209,1,0,0,1,1,1
Sentence 1210,0,1,0,0,0,1
Sentence 1211,0,0,0,1,0,0
Sentence 1212,0,0,0,0,0,0
Sentence 1213,1,0,0,1,0,0
Sentence 1214,1,0,0,0,0,1
Sentence 1215,0,0,0,0,0,1
Sentence 1216,0,0,0,0,0,0
Sentence 1217,1,1,0,0,0,0
Sentence 1218,1,1,0,0,1,1
Sentence 1219,0,0,0,0,1,0
Sentence 1220,1,1,0,0,1,0
Sentence 1221,0,1,0,0,0,1
Sentence 1222,0,1,1,0,0,0
Sentence 1223,1,0,0,0,0,0
Sentence 1224,0,0,0,0,1,1
Sentence 1225,1,0,0,0,1,1
Sentence 1226,0,0,0,0,1,0
Sentence 1227,0,0,0,0,0,0
Sentence 1228,1,0,0,0,1,0
Sentence 1229,0,0,0,1,0,0
Sentence 1230,1,1,0,1,0,0
Sentence 1231,0,0,0,0,0,1
Sentence 1232,0,0,0,0,0,0
Sentence 1233,0,1,1,0,0,0
Sentence 1234,1,1,0,0,0,0
Sentence 1235,0,1,0,0,0,1
Sentence 1236,1,1,0,0,0,0
Sentence 1237,0,0,0,0,1,0
Sentence 1238,1,1,0,0,0,0
Sentence 1239,0,0,0,0,0,0
Sentence 1240,1,0,0,1,1,0
Sentence 1241,1,0,0,0,1,0
Sentence 1242,1,0,0,1,0,0
Sentence 1243,1,0,0,1,0,0
Sentence 1244,1,0,0,0,0,0
Sentence 1245,1,1,1,0,0,0
Sentence 1246,0,0,0,0,0,0
Sentence 1247,0,0,0,1,1,0
Sentence 1248,1,1,0,1,0,0
Sentence 1249,1,0,1,0,1,0
Sentence 1250,1,0,0,0,1,0
Sentence 1251,0,1,0,0,1,0
Sentence 1252,0,0,0,0,0,0
Sentence 1253,0,0,0,0,1,0
Sentence 1254,1,1,0,1,0,1
Sentence 1255,0,0,0,0,0,1
Sentence 1256,0,0,1,0,0,0
Sentence 1257,0,1,0,0,0,0
Sentence 1258,0,1,0,0,0,0
Sentence 1259,0,0,0,0,0,0
Sentence 1260,0,0,0,0,0,0
Sentence 1261,1,0,1,1,0,0
Sentence 1262,0,0,0,1,0,0
Sentence 1263,0,0,0,0,0,1
Sentence 1264,0,0,0,1,1,0
Sentence 1265,0,1,0,0,0,1
Sentence 1266,0,0,0,0,0,1
Sentence 1267,0,0,0,0,0,0
Sentence 1268,1,0,0,0,0,0
Sentence 1269,0,1,1,1,0,0
Sentence 1270,1,0,0,0,0,0
Sentence 1271,1,0,1,0,1,0
Sentence 1272,1,1,0,0,0,0
Sentence 1273,0,0,0,0,0,0
Sentence 1274,0,0,0,0,0,1
Sentence 1275,0,0,0,0,1,0
Sentence 1276,0,0,0,0,0,1
Sentence 1277,1,0,0,0,0,0
Sentence 1278,0,0,0,1,1,1
Sentence 1279,0,0,0,0,0,0
Sentence 1280,1,0,0,0,0,0
Sentence 1281,1,1,0,0,0,1
Sentence 1282,0,1,0,0,0,0
Sentence 1283,0,1,0,0,0,0
Sentence 1284,0,1,0,0,0,0
Sentence 1285,0,0,0,1,0,0
Sentence 1286,0,1,1,0,0,0
Sentence 1287,0,0,0,1,0,1
Sentence 1288,0,1,0,1,1,0
Sentence 1289,0,1,0,0,1,0
Sentence 1290,0,1,0,0,0,1
Sentence 1291,0,1,0,0,0,0
Sentence 1292,0,0,0,1,0,0
Sentence 1293,1,0,1,1,0,1
Sentence 1294,1,0,0,0,0,0
Sentence 1295,0,0,0,0,1,0
Sentence 1296,0,0,0,0,0,0
Sentence 1297,0,0,0,1,0,0
Sentence 1298,1,1,0,1,0,0
Sentence 1299,1,0,0,0,0,0
Sentence 1300,0,1,0,0,0,1
Sentence 1301,1,1,1,0,0,0
Sentence 1302,0,1,0,0,0,0
Sentence 1303,0,1,0,1,1,1
Sentence 1304,1,0,0,0,0,0
Sentence 1305,1,1,0,0,1,1
Sentence 1306,1,1,0,0,1,0
Sentence 1307,1,0,0,1,0,1
Sentence 1308,0,0,0,0,1,0
Sentence 1309,1,1,0,0,0,0
Sentence 1310,0,0,0,0,1,0
Sentence 1311,1,0,1,1,0,0
Sentence 1312,0,1,0,1,0,1
Sentence 1313,1,0,1,0,0,0
Sentence 1314,0,0,1,0,0,0
Sentence 1315,1,1,0,0,1,1
Sentence 1316,0,0,0,0,0,0
Sentence 1317,1,0,0,0,0,0
Sentence 1318,0,0,0,1,0,0
Sentence 1319,0,0,0,0,1,0
Sentence 1320,0,1,0,1,0,0
Sentence 1321,0,0,1,0,0,1
Sentence 1322,1,0,0,0,0,0
Sentence 1323,0,0,0,0,0,0
Sentence 1324,1,0,0,0,0,1
Sentence 1325,0,1,1,0,0,0
Sentence 1326,0,1,0,0,0,0
Sentence 1327,1,0,1,0,0,0
Sentence 1328,1,0,0,0,0,0
Sentence 1329,0,0,0,0,0,0
Sentence 1330,0,0,0,1,0,0
Sentence 1331,1,1,0,0,1,0
Sentence 1332,0,0,0,1,1,1
Sentence 1333,1,0,0,0,0,0
Sentence 1334,1,0,0,0,0,1
Sentence 1335,1,1,0,0,0,0
Sentence 1336,0,1,0,1,0,0
Sentence 1337,1,0,1,0,0,0
Sentence 1338,0,1,0,0,0,1
Sentence 1339,0,0,0,0,0,0
Sentence 1340,0,0,0,0,1,0
Sentence 1341,0,1,0,0,0,1
Sentence 1342,1,1,0,0,0,0
Sentence 1343,1,1,0,0,0,1
Sentence 1344,1,0,0,1,0,0
Sentence 1345,0,0,0,0,0,1
Sentence 1346,0,1,0,0,0,1
Sentence 1347,0,0,0,0,0,0
Sentence 1348,1,0,0,0,0,0
Sentence 1349,0,0,0,0,1,0
Sentence 1350,1,1,0,0,0,1
Sentence 1351,0,0,0,1,0,0
Sentence 1352,0,0,0,1,0,0
Sentence 1353,1,1,1,1,0,0
Sentence 1354,0,0,0,0,0,0
Sentence 1355,1,0,0,0,1,0
Sentence 1356,1,0,0,0,1,0
Sentence 1357,0,0,0,0,1,0
Sentence 1358,0,0,0,0,0,0
Sentence 1359,0,0,0,0,1,0
Sentence 1360,1,1,0,0,0,0
Sentence 1361,0,0,0,0,0,1
Sentence 1362,1,1,0,0,0,1
Sentence 1363,1,0,0,0,1,0
Sentence 1364,1,0,0,0,0,0
Sentence 1365,0,0,0,0,0,0
Sentence 1366,1,0,0,0,0,0
Sentence 1367,1,1,0,0,0,0
Sentence 1368,0,0,0,1,0,0
Sentence 1369,0,0,0,0,1,0
Sentence 1370,1,1,0,0,0,1
Sentence 1371,0,1,0,0,0,0
Sentence 1372,1,1,0,0,0,0
Sentence 1373,0,0,0,1,0,0
Sentence 1374,0,1,0,0,0,1
Sentence 1375,1,0,0,0,0,0
Sentence 1376,0,0,0,1,0,0
Sentence 1377,0,0,0,0,0,0
Sentence 1378,0,0,0,0,0,0
Sentence 1379,0,0,0,0,0,0
Sentence 1380,0,0,0,0,0,0
Sentence 1381,0,1,0,0,0,0
Sentence 1382,1,0,0,0,1,0
Sentence 1383,0,0,0,1,0,0
Sentence 1384,1,0,1,0,0,1
Sentence 1385,0,1,0,0,0,0
Sentence 1386,1,0,1,0,0,1
Sentence 1387,0,0,0,1,1,0
Sentence 1388,1,1,0,1,0,0
Sentence 1389,0,1,0,0,0,0
Sentence 1390,0,0,0,0,0,0
Sentence 1391,0,1,0,0,0,1
Sentence 1392,0,1,0,0,1,1
Sentence 1393,0,1,0,0,0,0
Sentence 1394,0,0,1,0,0,0
Sentence 1395,1,1,0,0,0,0
Sentence 1396,0,0,0,1,0,0
Sentence 1397,0,0,0,0,1,0
Sentence 1398,1,0,0,1,0,0
Sentence 1399,1,0,0,0,0,1
Sentence 1400,0,0,0,0,0,0
Sentence 1401,0,1,0,0,0,1
Sentence 1402,0,0,0,0,0,1
Sentence 1403,1,0,0,0,0,1
Sentence 1404,1,0,1,0,0,0
Sentence 1405,0,0,0,0,0,0
Sentence 1406,1,1,1,0,0,0
Sentence 1407,1,0,0,0,1,0
Sentence 1408,0,0,0,0,0,0
Sentence 1409,1,0,0,0,0,1
Sentence 1410,0,0,0,0,0,1
Sentence 1411,0,0,0,1,0,1
Sentence 1412,0,1,0,0,0,1
Sentence 1413,0,1,0,0,1,0
Sentence 1414,0,0,0,0,0,0
Sentence 1415,1,1,0,0,0,0
Sentence 1416,0,1,0,1,0,0
Sentence 1417,0,1,0,0,0,1
Sentence 1418,0,0,0,0,0,0
Sentence 1419,1,0,0,0,0,0
Sentence 1420,0,0,0,0,0,0
Sentence 1421,0,1,1,1,0,0
Sentence 1422,0,1,0,0,0,0
Sentence 1423,0,0,0,0,0,1
Sentence 1424,1,0,0,0,0,0
Sentence 1425,1,1,0,0,0,0
Sentence 1426,0,1,0,0,0,0
Sentence 1427,1,1,0,0,0,0
Sentence 1428,1,1,0,0,0,0
Sentence 1429,1,0,0,1,0,1
Sentence 1430,0,0,0,0,0,0
Sentence 1431,0,1,0,0,0,0
Sentence 1432,0,0,0,0,0,0
Sentence 1433,1,0,1,1,0,0
Sentence 1434,0,1,0,0,0,0
Sentence 1435,0,0,0,0,1,0
Sentence 1436,0,1,0,0,0,0
Sentence 1437,1,0,0,0,0,1
Sentence 1438,0,1,1,0,0,0
Sentence 1439,1,0,0,0,0,0
Sentence 1440,1,0,1,0,0,0
Sentence 1441,0,0,0,0,0,0
Sentence 1442,1,0,0,0,0,1
Sentence 1443,0,1,0,1,0,1
Sentence 1444,1,1,0,1,0,0
Sentence 1445,0,0,1,0,0,1
Sentence 1446,1,0,0,0,0,1
Sentence 1447,1,0,0,0,0,1
Sentence 1448,1,0,0,0,0,0
Sentence 1449,1,1,0,1,0,0
Sentence 1450,0,1,0,0,0,0
Sentence 1451,1,1,0,0,0,1
Sentence 1452,1,1,0,0,0,0
Sentence 1453,0,0,0,0,0,0
Sentence 1454,0,1,1,0,1,0
Sentence 1455,1,1,0,0,1,0
Sentence 1456,1,1,0,0,0,0
Sentence 1457,1,1,0,0,0,1
Sentence 1458,0,0,0,0,0,0
Sentence 1459,1,1,0,1,0,1
Sentence 1460,0,0,0,0,0,0
Sentence 1461,1,0,0,1,0,0
Sentence 1462,0,0,1,0,1,0
Sentence 1463,1,1,0,0,0,0
Sentence 1464,1,1,0,0,0,0
Sentence 1465,0,1,0,1,0,0
Sentence 1466,1,1,0,1,1,0
Sentence 1467,0,0,0,0,0,1
Sentence 1468,1,1,1,1,0,0
Sentence 1469,1,0,1,1,0,0
Sentence 1470,0,0,1,0,1,0
Sentence 1471,1,0,1,0,0,0
Sentence 1472,1,1,0,1,1,0
Sentence 1473,0,1,0,1,0,0
Sentence 1474,0,0,0,0,0,0
Sentence 1475,1,0,0,1,0,0
Sentence 1476,1,1,0,0,0,0
Sentence 1477,1,0,0,0,0,1
Sentence 1478,1,1,0,0,1,0
Sentence 1479,0,1,0,0,0,0
Sentence 1480,1,0,0,0,0,1
Sentence 1481,0,0,0,0,0,0
Sentence 1482,0,1,0,1,0,0
Sentence 1483,0,1,0,0,0,0
Sentence 1484,0,0,0,0,0,0
Sentence 1485,0,1,0,0,0,0
Sentence 1486,0,0,0,0,0,0
Sentence 1487,1,0,0,1,1,1
Sentence 1488,0,1,0,0,0,1
Sentence 1489,0,1,0,1,1,0
Sentence 1490,0,0,0,0,0,0
Sentence 1491,0,1,0,0,0,0
Sentence 1492,0,0,0,0,0,0
Sentence 1493,0,0,0,0,0,0
Sentence 1494,1,0,0,0,1,0
Sentence 1495,1,1,0,0,0,0
Sentence 1496,1,0,0,0,0,0
Sentence 1497,0,0,0,0,1,1
Sentence 1498,0,0,0,0,0,0
Sentence 1499,1,1,0,0,0,1
